	id	filename	md5	byte_size
0	86b5cbb3-3034-444d-a2b3-f26081ab9fdd	TCGA-AF-3400-10A-01D-1989-10_gapfillers_Illumina_gdc_realn.bam	663551b05b9fc3908f032a9252a86452	5117960524
1	53fef319-45e2-4dc6-ba57-062a7ed709b1	TCGA-AF-3400-11A-01D-1554-10_Illumina_gdc_realn.bam	f90e1fff9060c52edb41e22075ff82ea	19251943295
2	31194670-516d-4266-9047-e5d06336959f	ab445101-1def-4fe7-9f15-77771a34101d_gdc_realn_rehead.bam	569dc409f66425934f5d624d9098dc3b	9133638033
3	076432ea-bc64-4567-903f-a66d641de700	TCGA-AF-3400-01A-01T-0822-13_mirna_gdc_realn.bam	79bcd7b8fa0daded94553657a02c5f6e	51105476
4	020c09b6-343e-4c62-9879-bbf570083f16	TCGA-AF-3400-01A-01D-1989-10_gapfillers_Illumina_gdc_realn.bam	544fd651ac3c8a8a190bf6842d807455	4530585480
5	017dd171-3e6d-452e-bccd-b8e55e87b7f1	d7eba0d1-7dcd-4688-9382-f6244fda48c9_gdc_realn_rehead.bam	074c81536f1b0edbd5303fa73352dd00	2214970374
6	e4fc57a3-1541-46b4-9f27-6105252be060	TCGA-EI-6512-10A-01D-1733-10_hg19_Illumina_gdc_realn.bam	f2ebdca74504063fcfda57bafe68e502	35292944561
7	e04a7b04-d537-4336-b6c0-a984205f8105	25fb5ec9-114a-4211-9a26-08f2659477d7_gdc_realn_rehead.bam	ab74777aa0bce1b0a4eeced3e3bc88d4	7247168644
8	33854770-ce69-4ca7-b592-87fbf4545b06	TCGA-EI-6512-01A-11H-1735-13_mirna_gdc_realn.bam	d1b7fe59892ff2cadd1c6b9618295716	170871878
9	6d155830-8f8f-41ca-b264-0e824993eaf7	TCGA-EI-6512-01A-11D-1733-10_hg19_Illumina_gdc_realn.bam	fdf53cb73393c9d5ffa4226f6dce8860	37159018256
10	8245bd6f-3204-43c4-9e33-fa36551c48aa	TCGA-AG-A01W-01A-21R-A082-13_mirna_gdc_realn.bam	e4bb571289b89fac9ea9aad330e290de	66241887
11	d6c587a2-3c08-4e70-9a21-cb3ed9088e9a	3d0604f5-e69b-47c5-9d93-bec16d33d23e_gdc_realn_rehead.bam	7409c1f0487abe35c817a02b9d72c15b	2347276136
12	82f3b03e-68b6-4ae0-9e51-b47b3b870724	TCGA-AG-A01W-01A-21W-A096-10_Illumina_gdc_realn.bam	7736ed1aa81d1a95446c4db0c49e5d89	31811248141
13	1c47dbf3-d172-486f-b186-aac73b0b2cda	TCGA-AG-A01W-11A-11W-A096-10_Illumina_gdc_realn.bam	21c9d3e0c2e00957b3b30f8eef61f5fe	29431339548
14	8f07f1b4-cd68-40bc-9ab5-d31bbccc195f	TCGA-DY-A1DE-01A-11D-A152-10_Illumina_gdc_realn.bam	78320bda5729bd41a426bf8f7f66ef16	29201079448
15	4a32f5e7-34aa-4bd7-aaf7-4135c014b5ef	TCGA-DY-A1DE-01A-11H-A154-13_mirna_gdc_realn.bam	b357358b19b3a7f96647297dec22b5ff	434731891
16	5ff12417-cd68-4aae-a1af-dbbb2bca0d4f	b7a8acc2-d5f8-40b3-9919-bce45987e925_gdc_realn_rehead.bam	21510b4503905351bac9036283c633c6	6286108472
17	10538428-e86a-4061-826b-4d84d42128d9	8e851667-a118-4489-b1c0-250ddaa59eb2_gdc_realn_rehead.bam	29b2e5ec698ee049bb6afc9fe058e413	2766741119
18	4457d889-db74-4fed-8608-6d009be2c92d	TCGA-AG-A020-01A-21R-A082-13_mirna_gdc_realn.bam	10325a1a3903b00f6c53db2484a55fd2	48890122
19	5eb2efa8-5d54-4349-8c0e-7c0b5944e97d	TCGA-AG-A020-01A-21W-A096-10_Illumina_gdc_realn.bam	6c4f96ec062492f0adb70e381a15d2f4	30937585129
20	386f1568-0c3d-4668-bc00-44e209671762	TCGA-AG-A020-11A-11W-A096-10_Illumina_gdc_realn.bam	847b5cfac09dbd30ddfd2bf9d4949a90	31175517459
21	3dc4ae7f-a351-4dde-b31a-cf83aa837549	TCGA-AG-3587-01A-01T-0822-13_mirna_gdc_realn.bam	ccd06f32fc9a94f49db7498b29071d54	52992643
22	257c0742-94fb-41db-b50e-4d17234dfb95	cd0d7652-0853-4045-aff8-5288e245534b_gdc_realn_rehead.bam	fcb536b17799d94a76f089fafdecc14d	1928178442
23	946ebe91-b00c-4c96-be31-2ef7adc8566b	TCGA-AG-3587-10A-01D-1989-10_gapfillers_Illumina_gdc_realn.bam	700f2ec383b709b75890eac6d58ce5bf	4602736745
24	55be65ac-9088-44a7-8f3c-e5049b51062b	TCGA-AF-5654-11A-11D-1657-10_Illumina_gdc_realn.bam	4280e432264cd5498e0ae08106c701cb	29786105342
25	dfe29194-6e6c-455c-9cc4-98fdd874c0a1	07c4bc1c-6f14-4569-9d59-c6e2ce371b91_gdc_realn_rehead.bam	f9cf47169295232754e9cdb3cd5af609	6012350227
26	2635b36f-044f-4dd5-92a3-6db287cd0b8f	TCGA-AF-5654-01A-01T-1659-13_mirna_gdc_realn.bam	aa72a5b82c39c8b019c423fa6ae3b3aa	106776191
27	e6cd2ec4-4abf-4ce1-8396-73681714b7fe	a4848806-a25e-4918-9f1d-5b61b0dbfeb6_gdc_realn_rehead.bam	5c329d49d814db301b54cc8041d4216d	6073757011
28	54d1a352-749d-4c7a-95c8-d4c6fa8d95f9	TCGA-AF-5654-01A-01D-1657-10_hg19_Illumina_gdc_realn.bam	7548cde299718853f6f42faccf24535d	16527756410
29	cf4ac885-a72f-4fa7-907e-386a3043ef8c	TCGA-AF-5654-10A-01D-1657-10_hg19_Illumina_gdc_realn.bam	bf61a45df6a345b02524ecca96bd96f7	32757941187
30	e9734650-f108-4ba4-8b03-27cdcc48e92a	16a6c406-7942-45a5-b1db-b4d1ba3b6212_gdc_realn_rehead.bam	73a7fcb4990c68fa8f369967aef5b5e6	2558953104
31	8173b797-f3e3-4b83-a84f-2c96410487ca	TCGA-AG-4015-01A-01T-1120-13_mirna_gdc_realn.bam	30264fb7255bb00a45cc00552e825664	72950861
32	27e84882-d917-4f93-abc3-110228ace502	c03bd8ae1c24a35a204d5b246828c2f1_gdc_realn.bam	5eea99a1d5afd9fc2573807827f10d7a	20215599076
33	29e50c70-ba85-4b2d-a592-fa9102317339	5d1b6d9af8eadefc683d9cbfd8208365_gdc_realn.bam	4177e2262d5d2e4d818f936d41b202f4	21886281037
34	5e235845-ddfb-48de-8478-191bce1e8485	TCGA-AG-A036-01A-12R-A082-13_mirna_gdc_realn.bam	d62d6a8fe2f8f833f65dea6b54168569	63113438
35	078fec17-48c9-4d5e-9a05-405fe449f951	554ec247-ca9f-4efc-b76b-38bec82238b3_gdc_realn_rehead.bam	1529d18decac69b9671c221d61a42aeb	2707263592
36	bf7f451f-a250-4c65-ab0d-3604009f383d	TCGA-AG-A036-01A-12W-A096-10_Illumina_gdc_realn.bam	dd5f63be592093991188a29e842f35d3	31296012239
37	0c7389a6-7f58-43d1-94d8-d69be03396b6	TCGA-AG-A036-11A-11W-A096-10_Illumina_gdc_realn.bam	d4a89f9419292a069b43ea997758249b	31356355620
38	e71b11ac-a5e2-42b2-9e8c-30127d92c91d	2ab97391009f70ba53ccd9780a75c548_gdc_realn.bam	864a6b369486f59cea482ddd25faf5b6	38592103632
39	116c0a93-c509-46f9-b3cc-f249ad87c978	5cc7addd-3e08-4c7f-bc60-71b6221995aa_gdc_realn_rehead.bam	e8b5affa47e9dfebcfc32019b621fa6d	1851874728
40	ea79500d-e228-49c9-a5ab-7b6969d65619	df37426f6225e5b54191f41217c1c26e_gdc_realn.bam	78cd8370ffeed5f9eb0481ac8abbd82f	25173918946
41	737e3775-bc42-4d11-9ee3-231ffab9dcd1	TCGA-AG-3909-01A-01T-1120-13_mirna_gdc_realn.bam	a563e869f4a40ea65e80ecfae3956253	88727084
42	3ef2bb0d-691f-46f0-aeb1-1b9e8f471e8b	TCGA-CI-6620-10A-01D-1826-10_Illumina_gdc_realn.bam	3106f987ea2894c133b775d98be4d923	35353209776
43	83a707ba-9755-407f-bbc8-4dd5e35212d4	TCGA-CI-6620-01A-11H-1829-13_mirna_gdc_realn.bam	02450e20dda1ddaa66b3a1aee72cdc4f	301103322
44	d15c16e5-63be-4455-a023-89f69a54d631	fc6a0425-4cd7-4591-8d80-fee3696e1d85_gdc_realn_rehead.bam	aeafc53844f0a6f6b4fc9fe0f0efbe4b	7537493994
45	bffea131-cdbe-44b9-9ea2-b0cfdd123272	TCGA-CI-6620-01A-11D-1826-10_Illumina_gdc_realn.bam	a4541f46bf0f4e6db8139ec326b73d80	26288088565
46	170808ea-b2c2-4b5e-941e-3d92aac8e96e	TCGA-AH-6897-10A-01D-1924-10_hg19_Illumina_gdc_realn.bam	a7116e0a350bfca5c7c1c290065a2fae	20905218092
47	512047bb-6575-4200-ad8b-d852c34f77ec	TCGA-AH-6897-01A-11D-1924-10_hg19_Illumina_gdc_realn.bam	97779c098a9a00c45157b7ddc9c2717f	23354825811
48	f3d12b6c-e509-41b7-96f0-959ed78e2086	TCGA-AH-6897-01A-11H-1927-13_mirna_gdc_realn.bam	ab499842221392eec6548e54e58694ee	100659734
49	c33583f6-c925-4130-97b3-df2eedfac69f	96daf9e9-76e1-40ec-a3bb-3f514775b9fc_gdc_realn_rehead.bam	1d5641dd48896f9cae645dd41989864b	4930872823
50	db82542f-db4b-4e59-8555-1765713e32cf	6a29d5a3-a6a7-4bf2-b0f8-973fa4bc1ce0_gdc_realn_rehead.bam	9601a54f2868e80d1152ca8fc8050511	2742569575
51	b29977da-e8fe-4412-935c-6cfb2c1d4783	b61246c2aa0c36234fe7cacf6ac3dfe9_gdc_realn.bam	3dcb3d53d322d6ae93485f86456d0778	22345312166
52	0039b8dd-aa62-4136-84a7-a5798c85d557	TCGA-AF-3913-01A-02T-1120-13_mirna_gdc_realn.bam	98737a34dd2c1b3b9eb32a6840ecbcbd	90531445
53	4e6c899a-a0d0-49ba-99e4-56b1c4af5cca	d0b339e479c5f793f82d1e207229f553_gdc_realn.bam	adec65c346046add350fc1c2390ae53f	17929952314
54	9b341cc2-9e55-4cc2-ba25-03f4c157bdd9	TCGA-F5-6465-01A-11D-1733-10_hg19_Illumina_gdc_realn.bam	e197c51885c1b22582d293b239662ef4	33311606519
55	cc415000-40d2-4a4d-bc00-8868971aad25	73549b98-6935-4903-ba5f-9d900670fa2f_gdc_realn_rehead.bam	7f95a2217693e36b21e36a61fb521fa5	8812471904
56	cfbbdb4c-5579-4a26-b397-22e6abc4ad4d	TCGA-F5-6465-01A-11H-1735-13_mirna_gdc_realn.bam	0c0a364281881c246475b648febf94a2	215367894
57	5d7c0563-40e2-47ee-97bd-b78f7497f516	TCGA-F5-6465-10A-01D-1733-10_hg19_Illumina_gdc_realn.bam	9c3d0bd03c00d89858c286c5f5691f7c	34849136837
58	b0fc59d8-ab3e-4f75-ac06-400fb4d9e860	TCGA-AG-4022-10A-01D-1733-10_Illumina_gdc_realn.bam	d6bd103a1649ef6555fa98f2bc4ab21c	33258030008
59	f50a2943-6d8a-4bc4-a96b-05b5cb3d3148	TCGA-AG-4022-01A-01D-1733-10_Illumina_gdc_realn.bam	9070ee09a86c19380bffbecd0bc54275	40422040208
60	d24b70c1-7159-4c54-9a44-52fc0ea0a364	2da5730c-b0f4-4267-83d9-3bcc2234e445_gdc_realn_rehead.bam	a8d114de29dbbe91972869766eadb0cb	7981469881
61	86e026a5-5c59-4a1f-ad84-1ea5846c0d04	TCGA-AG-4022-01A-01T-1735-13_mirna_gdc_realn.bam	47b3a2628aa37abe64aada2a44f93d05	303810911
62	65ce901b-365d-46bb-a8d6-05ba56648093	TCGA-AG-3608-10A-01W-1990-10_gapfillers_Illumina_gdc_realn.bam	6814de9558be81b12041a6a2ce0b377c	7234572699
63	0ce8638a-27b3-4d1c-bf15-7278dcff4c2b	dcf31d29-16e5-4bc9-8acd-d52a5bd2f718_gdc_realn_rehead.bam	29ef9f370d20589ebce00f8cc12ea8bb	1982050623
64	85a12328-febe-47a2-8b13-6b5b6be34b62	TCGA-AG-3608-01A-01T-0827-13_mirna_gdc_realn.bam	057473249989e7a4685d8d44b7afa949	58339729
65	2570d07a-7489-4014-9957-5a894ea2070c	TCGA-EI-6513-10A-01D-1733-10_hg19_Illumina_gdc_realn.bam	8bc2d67fb1c9e5b7d0f7b9cf632952b9	32333885171
66	7069395f-a5da-4696-a987-a0403f2a3815	TCGA-EI-6513-01A-21D-1733-10_hg19_Illumina_gdc_realn.bam	818b790aff8ca0f29286ab011dfce58b	31272219568
67	81442289-cd29-4ede-91da-c9d3ccd4c58e	TCGA-EI-6513-01A-21H-1735-13_mirna_gdc_realn.bam	7b791bebdc6bbe31cf34b90acac1d9f9	184726246
68	d2685154-224a-4a7b-8aac-8d9e1ec73b1a	c14fe6b6-47a6-47e3-8872-65d10a296dcc_gdc_realn_rehead.bam	dc37326f85fc3955abf444f8108fe5a4	8078501141
69	24b34524-1f20-412f-8014-efcd88769395	26b09e1bbb77071ca8d424e34abfe959_gdc_realn.bam	8e6bcc3b6cdc23a021cb0e3197efe041	20282695528
70	9a2bfae6-4e26-4779-8139-f9599818d272	39a45fdc-a702-47d0-8655-9547700a5950_gdc_realn_rehead.bam	e4371d35b178cd503c173376a714c14e	1734400546
71	7220703c-04f1-4ebf-91b7-38ffd68e319d	TCGA-AG-3890-01A-01T-1120-13_mirna_gdc_realn.bam	8316ecb54ff7d0926e6051d0ef304dd1	67173938
72	9b91c1fa-82c3-4f22-9816-7eb85cf72ce1	0538ec672281c15a8ce9931a49f86a4a_gdc_realn.bam	9dbf742c9148109d915e67a41eea6a84	22099908048
73	da8d08db-f977-41b3-a687-590c7385453c	TCGA-DC-6156-01A-11D-1657-10_Illumina_gdc_realn.bam	4996d637095064ff0f8b54dd17ac99f8	28743365044
74	ec592e9f-ee04-4c05-8227-22a894e84678	TCGA-DC-6156-01A-11H-1659-13_mirna_gdc_realn.bam	de329d8f838220038e1d0ac5bdbc5f0e	295514851
75	74b0ab15-eae8-4113-bb3e-6e77d8777122	1a88a2df-e40a-4beb-84c2-43c9971f8a77_gdc_realn_rehead.bam	3fe92692cbe531461c8a5997bf82cdaa	6964615954
76	12f0b883-900e-41b4-bbdf-a66b96e825ca	TCGA-AG-3727-01A-01W-0899-10_Illumina_gdc_realn.bam	8102f5ede62f88ddd6cc8d8d942d6aa6	30557983374
77	2b3b9634-6cff-496d-b258-f5f2b691d61f	TCGA-AG-3727-01A-01T-0906-13_mirna_gdc_realn.bam	fbf320e25ceb763ee91b31c2a271208b	39440353
78	0057b64d-ddd0-4c3e-81ad-082a1b70b940	7d14c83c-02e0-4c2c-a14e-255029cc0fa7_gdc_realn_rehead.bam	f5e70f00a4f1602cccd86f2dc3ecd7e4	1891918473
79	8d36e3fc-bd2c-441d-a4e1-ed7c94d2cb3e	TCGA-AG-3727-10A-01W-0901-10_Illumina_gdc_realn.bam	f0cce7f0f81c5a4aec79c7e68dc2a4f2	31979795120
80	5ffdf925-0b13-416c-9811-c161baa88116	TCGA-AG-3605-10A-01W-1990-10_gapfillers_Illumina_gdc_realn.bam	6e2877af36062906ba85ee89e6cbcdba	5485352578
81	0fa74ed2-683e-40c9-bd64-5085620aa0c3	TCGA-AG-3605-01A-01D-1989-10_gapfillers_Illumina_gdc_realn.bam	1030255c782045a356a40235f273e751	6502066036
82	870133a4-4fec-4735-926a-f35c337b6b8a	8e1aff6e-5df1-47d2-ae17-d4cb5b944d14_gdc_realn_rehead.bam	a94f3ccaa03feee94a492d2d5cf2bd83	2619022894
83	5d26745e-c9a9-4a89-bf99-2539fe5b7a16	TCGA-AG-3605-01A-01T-0827-13_mirna_gdc_realn.bam	65367e7ee8679af3b6c77597a8995f7e	68774056
84	28a6a756-f150-43c3-9f05-5cca352ec7d2	TCGA-DC-6157-10A-01D-1657-10_hg19_Illumina_gdc_realn.bam	5165111927df33adcb4b77e711b2991d	29460311401
85	a00bb3a9-e2f2-42a7-849f-483d782319e7	ebabe902-4cbb-4d49-870b-faf9e9b9c174_gdc_realn_rehead.bam	97ec768d8d19b1dfa624216512140b35	5768136098
86	567c12b7-1b99-414a-9181-33cc5b0d2863	TCGA-DC-6157-01A-11D-1657-10_hg19_Illumina_gdc_realn.bam	f7e01e84d105b9567009c1c9e5f91fb5	31391437657
87	6fbd7b24-a70a-40ff-86aa-95e888a01e51	TCGA-DC-6157-01A-11H-1659-13_mirna_gdc_realn.bam	25e09d73decf9627cb06ace65af3b580	218071035
88	acf091c0-bddf-484b-86dc-e790165fbda1	TCGA-F5-6861-01A-11H-1927-13_mirna_gdc_realn.bam	a415882ef1007d634e1b68857ce638dc	182070994
89	f1928f24-2e6b-4d37-a97a-c2b1c9dbdad0	TCGA-F5-6861-01A-11D-1924-10_hg19_Illumina_gdc_realn.bam	09f46c55c947688287e0703ee5809fa6	15325763902
90	8b49841c-8199-425f-baa7-0a499615a1e1	910004d6-0dab-4f34-b677-cd132d38e512_gdc_realn_rehead.bam	bf5e80c34e89c2d7840dbe5429e9d4b1	9850350762
91	d1189f92-5285-4991-a448-d5e8f2050526	TCGA-F5-6861-10A-01D-1924-10_hg19_Illumina_gdc_realn.bam	b0dc2815856b87755aa4832046c37baf	23924211241
92	a8f5747c-1761-42af-8cfc-e6af77ec26ab	TCGA-AF-6672-01A-11H-1829-13_mirna_gdc_realn.bam	3b4995f80cb37faa80c7c58e848cb24b	273792554
93	7375994e-6552-436b-8ee0-06ccb2941fda	TCGA-AF-6672-01A-11D-1826-10_Illumina_gdc_realn.bam	285500db720067696a10a130afa84a5d	21149956488
94	2c9301be-9633-413f-97e4-17c11c9cd45d	fd8b8b14-ee97-46dc-8eda-a77afdf5fe8d_gdc_realn_rehead.bam	6402b0bf050e844b76e8c367d0be7b1b	7758676891
95	3b8171a4-1ed3-4501-8f4a-34e5a83eebae	TCGA-AF-6672-10A-01D-1826-10_Illumina_gdc_realn.bam	de782fd850ffd660c943b408fa4ad7cd	30755085354
96	de5641a4-37e0-49f3-ba62-9d68c8ad47e2	TCGA-AG-3732-11A-01D-1657-10_hg19_Illumina_gdc_realn.bam	5edb52ca4385b4bb385d2ba280bdd3f6	33677173049
97	29c02bb2-5f2c-4c96-8458-48ebd0c1aed1	cf123340-8ea7-4c1b-8a12-00e731b26fe7_gdc_realn_rehead.bam	324b03c28b1534d424ed51c9bf301bce	5244139185
98	135d8811-8242-45a5-80dd-f62b4d628826	TCGA-AG-3732-01A-11D-1657-10_hg19_Illumina_gdc_realn.bam	dfcfe8c2eefda11d80c90678dbfad677	29817135344
99	5b196f83-fd1a-4068-a355-158df81ed234	TCGA-AG-3732-01A-11H-1659-13_mirna_gdc_realn.bam	20307a9c1c21873003c9f87b747cf764	428426713
100	20f32e26-cb0e-4026-b84e-a4c0e488ea2e	c6392015-252a-4bef-85aa-bf4cdd5e0e0e_gdc_realn_rehead.bam	3c0651ffe50d3acc3dece75bf8b4d74b	7100316445
101	c15e4f0e-90d3-4e2d-833d-4ec71a6ca959	0f4add8a-9c66-4442-8807-e0a793906667_gdc_realn_rehead.bam	b91399659c18aac383b6df8f76f59557	7183027381
102	40765158-08a7-4a74-9142-c54ab0cb88d8	TCGA-CL-5918-01A-11H-1659-13_mirna_gdc_realn.bam	be4ac021b87b7a3c31a1d0ce8f65864e	249497255
103	a3aed6bb-0d04-49f3-accc-e48fb7002e0c	TCGA-CL-5918-01A-11D-1657-10_hg19_Illumina_gdc_realn.bam	0829edbffcfd1d977369e9f721beeef6	31610039451
104	c767fef0-e8bb-46cf-aeb6-7467e681fe95	TCGA-CL-5918-10A-01D-1657-10_hg19_Illumina_gdc_realn.bam	25afdfe5e6c377974f6e4570e2e4b2c9	34377067577
105	7ec6cda8-f1f9-4f5a-bf8b-3435bbc9b823	3d758b80bad5ad608da0972b0afc74d9_gdc_realn.bam	ec6130d5560924634e3618204520c809	29855446659
106	4cdb2d0b-a7f4-4c89-854c-b0fd9cc1c4aa	TCGA-AG-A008-01A-01D-A183-10_gapfillers_Illumina_gdc_realn.bam	57f1274296e31d1f05856146a8f29a19	7820372886
107	a51e6555-b059-47c9-8a12-1f02c5302df9	9487dec09146800c209a688a1ae9619c_gdc_realn.bam	691cd3786fd23e9cff9f2a6642890939	26928620082
108	fee52a75-9837-49f0-9a7b-88c53f2f5675	91493ec9-f54d-4f6d-8e12-c8f52c5671ee_gdc_realn_rehead.bam	387dbcc3f3cd94ecb7d8d0f88a5e1d03	2686037470
109	b0ba29db-1a75-4c63-9188-8a86c27b9b8f	TCGA-AG-A008-01A-21R-A076-13_mirna_gdc_realn.bam	779242843473a01b10177a52d9417ee3	54180861
110	2275d7e4-2710-433b-964c-08517fde6fd5	015ac06d-1019-40d2-a373-dff10b45d440_gdc_realn_rehead.bam	a8f637a9e3b5ea029e22248435a4b70d	11268777648
111	50de78e1-797a-403b-a77b-893bca597cf3	144e6839c32de1a09856031d3d27fbbe_gdc_realn.bam	791e5b8dc8a579b9fe1978275f532d46	23492473967
112	bfdb0305-c46a-4289-b6af-c2488a07aafd	TCGA-AG-3902-01A-01T-1120-13_mirna_gdc_realn.bam	c472c958e0e3644b2f0edeb89460ce49	62788850
113	c8f3c274-08b3-4e9d-8ece-96c89af6f533	2d4727d1d5eeb337cb4311119a1c8601_gdc_realn.bam	20d6f997123225e79e4fa7d2d9ad6b35	22917039839
114	84ba2c54-6c48-4066-adf6-57b62c4a5756	TCGA-DC-6155-10A-01D-1657-10_hg19_Illumina_gdc_realn.bam	f347796d8ad4367338a72aeb42480c49	35257952160
115	122d9ea3-d282-4947-92c9-7fd88e2fd720	TCGA-DC-6155-01A-11D-1657-10_hg19_Illumina_gdc_realn.bam	3d1c17b5691e1e7001abaec703bf15d7	25340825197
116	6f587871-2fff-4c1b-98cf-0fbd1a4260b7	11effd44-243c-4e24-9b87-9007424bc30d_gdc_realn_rehead.bam	33dae84f15987282bff725c7d07fbb17	6881244015
117	5c346ef1-f0e2-42fa-a8b6-df0a91efb39e	TCGA-DC-6155-01A-11H-1659-13_mirna_gdc_realn.bam	a73d6b3bfddeb39e13630ddd05402e5f	102432639
118	0c7aeaff-8408-488d-b1a7-bf52030fec78	842655d8fc9bcfded8083fe0256dbc20_gdc_realn.bam	3d51256f1929e1aa135020dcc66288a8	25973620377
119	c50034fe-06ec-4192-9be2-b156a549d90a	7eb904d1-fe99-41de-8ffc-bd34095690d0_gdc_realn_rehead.bam	4d31ac7fe20b19210479d7f41a3e139e	2226572000
120	93db7a94-4c3b-4045-b7bd-b4eaf8a6ea5d	2547ca87a4448b8f8f941e5b4761d20c_gdc_realn.bam	1a9ee22d411bf847e855097e0f9fa861	22674767061
121	a755488b-a857-4949-8706-80fe1ee83700	962c9a24-56be-45c8-8504-2eafab830e53_gdc_realn_rehead.bam	87afae6552966fd03557d783bdbd54bd	8306016290
122	45d44457-c27f-42a3-a2a5-4ffa362e0144	TCGA-DC-4745-01A-01D-1733-10_hg19_Illumina_gdc_realn.bam	8444708e6d9556756b768d59f8cc8355	35797403570
123	07bd866a-bc5e-4231-9d37-8adc4c8e4b09	TCGA-DC-4745-01A-01T-1735-13_mirna_gdc_realn.bam	c20ffed135fb13da65b2f79d75352cb5	196803062
124	af572d3e-d2bf-4d7a-8c89-99cb7f5d8026	TCGA-DC-4745-10A-01D-1733-10_hg19_Illumina_gdc_realn.bam	70dbf16825fb459d7bd2c7591608f637	39099629328
125	74a4b5a9-6c17-4d70-92a7-9cc59754864a	38854a47-cbbc-4e4c-be45-48e98bc16c42_gdc_realn_rehead.bam	00bc10cdeb8b9d0c128deb697e05489e	2275391688
126	27361b91-63d9-43a8-b94a-c4489a81c5ff	TCGA-AG-3593-01A-01T-0822-13_mirna_gdc_realn.bam	1d82ef2e9b127ac9fa38d1101ada7285	61036329
127	c2f6d58b-7d7f-4f2e-aa2e-f62287046ca3	TCGA-AG-3593-10A-01W-0831-10_gapfillers_Illumina_gdc_realn.bam	0e5d766a523dfbcef3030b9a1192ae66	6058544164
128	597c6a1a-c2d2-46b2-ae58-0bb4081132b7	TCGA-CL-4957-10A-01D-1733-10_Illumina_gdc_realn.bam	93ddeeafe6674295ee937be4fa87fe70	26368674674
129	560e1c7a-8aa7-4770-aee1-a0aad9d99852	TCGA-CL-4957-01A-01T-1735-13_mirna_gdc_realn.bam	90b15d633cf409fb3f0913a4c4a952ac	156648536
130	ba0d5763-a69a-4ef0-9ef7-92ef288b4086	TCGA-CL-4957-01A-01D-1733-10_Illumina_gdc_realn.bam	956a3c97c8ef4f4bb23a892354199056	41731118545
131	4bcd5ea9-7947-407e-852b-e2edd05956dd	c10eb975-e16f-4b31-b5cb-bdfa63017cf1_gdc_realn_rehead.bam	580ea24c6beb534107652b36705e8a6a	8205207871
132	797d579b-024f-4289-b7b0-5598dddc9ade	TCGA-CI-6621-10A-01D-1826-10_hg19_Illumina_gdc_realn.bam	d1617c121e041767a4655f771e3cc7bb	28860497924
133	ce8f14ba-1724-4523-bd2f-fccce19dc584	TCGA-CI-6621-01A-11H-1829-13_mirna_gdc_realn.bam	757a2035aae247c1ff9f1a1bdd602cda	248070012
134	c9e8d341-77ca-4efb-9e9a-9dfe03d195eb	TCGA-CI-6621-01A-11D-1826-10_hg19_Illumina_gdc_realn.bam	2d98437d948ccc552ef8a4ef5c9bdec4	19289986187
135	edd2527b-92b0-4c30-8458-d9c568f48c1b	b49d1679-a681-4ceb-8fda-06a808d847d0_gdc_realn_rehead.bam	35b68c4c9bd9903be5d3357312a12c68	7727739806
136	48d47308-247f-4bff-89de-2a167ce7ac9b	TCGA-AG-A01Y-01A-41W-A096-10_Illumina_gdc_realn.bam	7e09ca8f773c15de606d7a4df1e13067	30885067438
137	913bc27f-5669-4f95-80ca-98c31e3dcc3f	TCGA-AG-A01Y-01A-41R-A082-13_mirna_gdc_realn.bam	03c0ee29de3e82ab607bc66677cacbef	56242144
138	54c33b2f-6743-43c9-9bc3-8c05756d0285	bd317c83-d20e-4a02-b03c-c00a5ef62ef1_gdc_realn_rehead.bam	59fc9889cde9386375d616593ef489f1	2963710088
139	0eb9703b-ee76-4a49-aefb-4f020999ba9c	TCGA-AG-A01Y-11A-11W-A096-10_Illumina_gdc_realn.bam	644fe3a83cf293716f97573fa38797d0	28877296812
140	3f3c1457-b694-4774-bdc1-2d52d2f90d8f	TCGA-AG-A02N-01A-11W-A096-10_Illumina_gdc_realn.bam	843e75aac71d014a92074d3e27b6ee7b	31690666281
141	d8c16ab0-f406-4ec3-be27-918ce9a79bdc	TCGA-AG-A02N-01A-11R-A082-13_mirna_gdc_realn.bam	8eb501e9ff6b967753865dbe7dea9d56	38314066
142	f78c59f3-c908-4da1-af7f-31c3c74b9478	f6284e43-29ea-430f-93cc-45a6cb0337d6_gdc_realn_rehead.bam	4b468ef2d2d2df4255a15ad141c6344e	2222397658
143	2406a856-7171-4428-a5a0-d97a324eeac9	TCGA-AG-A02N-01A-11D-A183-10_hg19_Illumina_gdc_realn.bam	e354b3135977ad1830cbff48245448ce	17375344977
144	a774505e-eb33-4318-9016-092f2b1e56d0	TCGA-AG-A02N-11A-11W-A096-10_Illumina_gdc_realn.bam	b14cc60ce7e7e72bf0961dfca509376c	30992835717
145	8b3dbacb-b51c-409f-a205-7f8f4df0e403	34ab9cf3-9077-4e1b-b770-cbcc39b36788_gdc_realn_rehead.bam	d2e18729f38a89e221a93ea7cdc8ecff	2347507591
146	ce261173-0b53-46f7-8286-b6bc2f0953ac	TCGA-AG-3728-01A-01W-0899-10_Illumina_gdc_realn.bam	88b25dfc11b3b5a9c646dd60ce8fee13	27019661578
147	7377fc17-f4ad-43c1-ad9c-a50f8f783ebc	TCGA-AG-3728-01A-01T-0906-13_mirna_gdc_realn.bam	23c8ec044e9384b4b01d4b2934ca1ec0	79760663
148	1c8c67c7-8643-4ba0-b59e-5781ce5cf764	TCGA-AG-3728-10A-01W-0901-10_Illumina_gdc_realn.bam	9d87738ce92510e1740cbe1ce3a2158d	22527510755
149	c389f55a-88a4-435a-9161-cd16910ba288	TCGA-DC-4749-10A-01D-1733-10_hg19_Illumina_gdc_realn.bam	f4546d56389546a953c84b800414897d	40811988968
150	0e731c33-9297-48d6-a142-f29d1e04c9e3	TCGA-DC-4749-01A-01T-1735-13_mirna_gdc_realn.bam	f2db8e47410fefd6ab5d38c543f73a23	238305716
151	34d336a4-1d17-45c2-ac57-ac4143d77f61	TCGA-DC-4749-01A-01D-1733-10_hg19_Illumina_gdc_realn.bam	b5ec741e3addde811cb65f5297bf48ad	35044967227
152	01004ae4-1aa1-40af-ad79-3a1c1ca8a527	268e2ee4-0169-4454-a576-ff0632601535_gdc_realn_rehead.bam	8699d5918df0e7b3a69170e2c86a9181	6979058692
153	9fa7d1f9-68b7-41c5-94f2-c63cd9646d61	TCGA-F5-6811-01A-11D-1826-10_Illumina_gdc_realn.bam	589a817dd5345d1dee42160a8fc94a9f	25742745574
154	d9857359-e656-4ca7-b6e8-f779d20b1231	8f08aa0a-ce8d-41e2-81d1-bd2e76d57c17_gdc_realn_rehead.bam	435daddbedb4e817e2ad020eeb60acdb	7406112325
155	a66ac8a4-dac0-4bb0-bb92-224aef734d0f	TCGA-F5-6811-01A-11H-1829-13_mirna_gdc_realn.bam	a3d89d3c72b49b692c85f4bf730b554d	225821343
156	c1d23f36-400a-4f9d-8d49-7efa56404195	TCGA-F5-6811-10A-01D-1826-10_Illumina_gdc_realn.bam	7973d61e0b32919fd43a4e8f086054ec	22749214617
157	1455ec60-e8f0-4f49-b0e1-14eb217f07e5	52601bec473a8899ce2bd5828dd4fd1d_gdc_realn.bam	cec9adf4cb7c10a9f5d0c9af75985d4e	25938625163
158	cc0c27bf-60da-4112-bee6-4b7046f2bbb8	4214ed45-d0d5-4eb0-91a0-ec6276d9e46c_gdc_realn_rehead.bam	3eb2073b2985e1d78137f125f0533e61	1777476233
159	db4917f9-6ac7-41c3-a924-a6efbae0e5ff	243be44277c5423c1faf56d5f09026d5_gdc_realn.bam	e0cd725d35719df488f92301f6528740	21603123396
160	78ad8b0e-e3ad-4abe-8660-edace45f8a61	TCGA-AG-A01L-01A-21R-A076-13_mirna_gdc_realn.bam	79dae444870729d20b9ba8e7445834ec	89153805
161	783c2513-c7ff-4c73-81fa-1a2d4d5b4684	TCGA-AH-6549-10A-01D-1826-10_hg19_Illumina_gdc_realn.bam	2f57084dd4236ecb958013da15327ac9	26917693849
162	645cbe6f-0891-48f4-8c62-9dbed218ce51	d114bd30-013d-498c-be42-61b019e00521_gdc_realn_rehead.bam	9a27a6c615db61f42f431e60827db94e	11364939060
163	f2026767-c3ea-4e97-836b-e3a00b0b95b9	TCGA-AH-6549-01A-11H-1829-13_mirna_gdc_realn.bam	4fb5d17f1baedcbb3ac2b58180e5f386	232936995
164	fe9c5a11-23c3-4266-9919-33241d75dd63	TCGA-AH-6549-01A-11D-1826-10_Illumina_gdc_realn.bam	62fac3c17bfc27b4e8a3651b60811663	17385462198
165	79ac0302-4003-4f0e-ae85-e6115b1ffca8	TCGA-AG-3592-01A-02D-1733-10_hg19_Illumina_gdc_realn.bam	caf15cdfbf515852d0abcfef2dad8437	39816826546
166	e6232451-7575-4733-9426-0935c2c29a6e	2e916b7b-581c-4699-8564-b6e61325b224_gdc_realn_rehead.bam	b57ce5085e9bfafc42ae60a99e8fbe2b	10067633186
167	42ffbd59-0648-407e-815c-b0c49b427018	TCGA-AG-3592-01A-02T-1735-13_mirna_gdc_realn.bam	167137634e0b63034f27ec26cae7f919	143785945
168	5e91617b-5086-485f-aa9e-f08d61a482ab	TCGA-AG-3592-10A-01D-1733-10_hg19_Illumina_gdc_realn.bam	28ad85161c3f0505114ab304dd4c7113	33780590841
169	244f21fd-129d-4707-8cf4-0a1745ecebbb	d36683cd-a546-4eba-a248-26d3845be5de_gdc_realn_rehead.bam	c7ad3342440d9cdd659a69e1a8e895cc	1824960991
170	e048f666-fde5-44e4-aa3f-014702da6ad4	aefde5433a0fd419c49e7ccb36f272fb_gdc_realn.bam	06ce28f5791b55aca99cec5da5f7dcb1	24470743381
171	b1a20b7a-cd74-4b05-bdcf-c5f6fc2e6225	5d7ec7415654df346fb4efbd50f97f53_gdc_realn.bam	76ed8e752a57855d11019d9152d56e65	21693973355
172	3c343d78-8965-4669-b42c-bb74409b9f67	TCGA-EI-6514-10A-01D-1733-10_hg19_Illumina_gdc_realn.bam	355659e9a1aee0cd02d15bd5dbf307fa	31820530835
173	7b229401-3225-4339-b620-2e44a3639414	262c6c2e-9701-407f-a4c6-fa168ffdc5ea_gdc_realn_rehead.bam	4ad7ed53134760212c888d9425da50e0	8662071783
174	8b8fdd58-c8d8-421f-bff7-9418ca91f1b3	TCGA-EI-6514-01A-11H-1735-13_mirna_gdc_realn.bam	c3cf851b2b108fdbe960c2f9bf776363	407030943
175	b70211a1-d011-4476-b077-15964dcbfbcf	TCGA-EI-6514-01A-11D-1733-10_hg19_Illumina_gdc_realn.bam	42705031ddeaab0de499106b1945905e	36107389998
176	8af7faa4-1d99-4fb7-b2e5-97374e1c35ac	TCGA-EI-6508-01A-11H-1735-13_mirna_gdc_realn.bam	a90eb367795269281902f23399bb814a	216108088
177	e64dfe0f-e567-43b5-87d1-1d5350f3e9fe	TCGA-EI-6508-01A-11D-1733-10_hg19_Illumina_gdc_realn.bam	706ae09003f54b372f20513f20320c7a	29991765472
178	57eb4718-3ccd-47b5-b4d2-ba37595e946a	e0e3a823-f861-4568-b967-e57bdd6ea05d_gdc_realn_rehead.bam	5c248e73b8a5a721bfc4b928c2955a06	8155528810
179	a6111673-4aeb-45ea-b121-4083852058dd	TCGA-EI-6508-10A-01D-1733-10_hg19_Illumina_gdc_realn.bam	48e84f697c75446360fe531d38bc8979	35142946713
180	5c0cd2a8-f5b7-486f-8762-3d82796009ac	142f21e0-2a8b-4b99-9ceb-aa455c15760e_gdc_realn_rehead.bam	364e7fc8f8ae75b34e5f87de92b7a22a	6837570733
181	7676dad8-0bf1-4d07-8f3d-95e66b155908	TCGA-AG-3742-01A-11H-1659-13_mirna_gdc_realn.bam	d0de45a4036dbdc99a272a12822cf14a	195434025
182	dfb95fa1-40dc-422b-98ce-8842b01bfef1	TCGA-AG-3742-01A-11D-1657-10_hg19_Illumina_gdc_realn.bam	5bfab2938f94f2d45be7c89f2739b9c0	25874819644
183	23537609-49f6-4632-b594-665cc21c5530	cc714e79-7aca-4913-9431-38b6013904c1_gdc_realn_rehead.bam	3c80acf2d9dfebd1f3181f4841a6b796	5955234464
184	886977bc-c004-4ce0-8400-ef72e28ec9b2	TCGA-AG-3742-11A-01D-1657-10_hg19_Illumina_gdc_realn.bam	732a8b496f3caefd2cd6c5932aad94d9	38285841626
185	bd948e10-9cd0-4034-b96b-eb0839feaaf8	28ee083b-026d-4567-a21f-c64eb7b4ccdf_gdc_realn_rehead.bam	bbd3c31d68610eb67af3d6fb3e1c80dd	8419458011
186	5e957163-50a4-432f-a712-2bad3d3410f4	TCGA-DY-A1DF-01A-11D-A152-10_hg19_Illumina_gdc_realn.bam	b802e9f9219521772a9977b5facfb75a	27428542272
187	eadc74b9-5a82-4123-8f40-98370571b3b6	TCGA-DY-A1DF-01A-11H-A154-13_mirna_gdc_realn.bam	d6fc7111343c0dafa8aead2484ab053e	407794624
188	fd48be59-7bab-47a4-9237-f84969d147e2	TCGA-DY-A1DF-10A-01D-A152-10_hg19_Illumina_gdc_realn.bam	d6c386c3d35acc50594b314114b9840c	31867896718
189	7308bb8a-7006-4982-b11d-5471a0e9bab6	f72356f4-fab9-4dfb-b92c-27628d241a0e_gdc_realn_rehead.bam	ac6f1537db4a5a06e143d15cf6820db3	2211999440
190	83a408a1-e977-4738-baa3-18a79f5ba3fc	TCGA-AG-3901-01A-01T-1120-13_mirna_gdc_realn.bam	14fe41c70e714714dd4fbe9c58d7ea20	124563659
191	21368ef3-d5e0-45bc-b155-e4db1774ac66	ce97cf3f486114d8ce1826e7e53b381f_gdc_realn.bam	b7e15729b3acf9b8d50314dce349d75c	24073153563
192	a0608719-684d-4572-b06a-a1cda87aadcc	cd3e9f33561e371d4a16b6a234b36a55_gdc_realn.bam	c4c31b86b35eaecc4afaebaeb2893b00	28365268713
193	9fc0fb49-5273-4621-9529-ba824a08e22e	TCGA-DC-6160-10A-01D-1657-10_Illumina_gdc_realn.bam	3117fc70b608fca0d064dc9d82b1702b	18403269302
194	0bab1db4-90d5-4e73-be7d-2aa356e4e4b1	70ca211c-f793-4079-845b-5306186e3c56_gdc_realn_rehead.bam	846bd4c23aa7a72367fa664ed01d73d2	6314169936
195	39f8f917-bfba-4a60-bb9c-815436d8e5cd	TCGA-DC-6160-01A-11H-1659-13_mirna_gdc_realn.bam	103a354e9abe71681fa28712275019ec	158395340
196	aaac2266-df33-400d-b558-1ead6ec511f7	TCGA-DC-6160-01A-11D-1657-10_Illumina_gdc_realn.bam	d05a81f995d910aa57da42352e3e2f0c	36314099197
197	68664111-ca51-429f-9d30-9d5eee2a0d7e	TCGA-AG-3885-01A-01W-0899-10_Illumina_gdc_realn.bam	6c53eb3467c3a27d29d42849f1099a5f	18160544006
198	ad23ca07-f4e4-4633-baef-b8452aaf4c78	d6c1fe8d-7109-4a8b-977b-054897ae7768_gdc_realn_rehead.bam	144e78a5bb15e6b052d75d58ce8f6e3c	1704978151
199	d78a917a-353f-4659-aa7a-f42c767512c3	TCGA-AG-3885-01A-01T-0906-13_mirna_gdc_realn.bam	0f1728c03dffe51f756d501b11774989	55235543
200	7dc57aa4-6c79-466f-9e55-23cc47b2ec05	TCGA-AG-3885-10A-01W-0901-10_Illumina_gdc_realn.bam	9d7c24fafd442391d032b63c4dc91cc6	28820022232
201	e2acaa90-5f7e-4ccf-ad0d-756022db22fe	TCGA-BM-6198-01A-11H-1735-13_mirna_gdc_realn.bam	351dae476a5924a5a01be246b48ecf68	204910055
202	78fc730c-47cc-4067-bf9a-313794cfa1fb	TCGA-BM-6198-01A-11D-1733-10_hg19_Illumina_gdc_realn.bam	b25260c6b923a392cea1b5e9d047a2e8	38024023800
203	60377214-6680-4186-a81b-1a9b5cd776e8	dfc2111a-7dd0-4481-aa4a-ca48a397df34_gdc_realn_rehead.bam	604199076550d557d488234e80333cc2	7146382265
204	5a484375-1dc4-4885-af7e-bf332a51e179	TCGA-BM-6198-10A-01D-1733-10_hg19_Illumina_gdc_realn.bam	bdce6cb6eab5c8bd8f9bbc53d0c07dc2	31801861268
205	07a3b5d9-6101-4cb8-8775-a1bfb2adae2f	2cf767be090222553abdca19c295e867_gdc_realn.bam	af92e9c0f17ff54e7cc23bda4a9298b5	21954507273
206	fa5f65ee-3630-4de8-8d45-7348e0abfdb2	ec7ce1ca48ca75575b6d6f263f2567fc_gdc_realn.bam	8c31c53a6c72dd1d6e56cb08472933a1	20927952089
207	344216ad-2919-4e63-87c8-a5c2e1bf094a	TCGA-DY-A1DC-10A-01D-A152-10_hg19_Illumina_gdc_realn.bam	aef98b8dc68b3b66a7829c1b3b16be60	33458825291
208	263b381a-7fff-4cef-b7fb-a8aec2be83ca	TCGA-DY-A1DC-01A-31H-A154-13_mirna_gdc_realn.bam	5bfdceb8bf9f0359b7bba01b1a9c7151	255452065
209	7525d1e6-ef29-4c5d-9419-a2fa3474ca61	TCGA-DY-A1DC-01A-31D-A152-10_hg19_Illumina_gdc_realn.bam	1589e61794c046351f67a6e45662efd2	35938032232
210	879612ea-690f-4bc6-97e5-01046a2b46e6	84ac294f-a9e3-4245-a4d3-6e58ca75cfca_gdc_realn_rehead.bam	93545f63b5a2982c3892525ec1b95c2e	6479574103
211	e46c996f-8460-456f-94a3-d72de2d49dce	1a642d372b9dcd07d7bceaa582df0ca8_gdc_realn.bam	29aa82156060162e6e45fa38161c3eb4	23796001645
212	9977f28d-e585-45bc-86a4-1489fd7d2810	13ef3a7de2a9613669ad6ec7db3ecf40_gdc_realn.bam	30475565186fb4f94e2f65c2d9c100a8	25298950093
213	0e7adbc1-c3a9-42fd-918a-423f5116243f	TCGA-F5-6813-10A-01D-1826-10_hg19_Illumina_gdc_realn.bam	f6fe6e29c3c38599f4ee10b7efb3dc99	21605885416
214	53e5fbc0-6b68-427c-914c-1c65cd69b876	TCGA-F5-6813-01A-11H-1829-13_mirna_gdc_realn.bam	9bf95f9170b9437bf3dd7cd338d90ae7	216340285
215	0e6debc9-b11a-432b-81ac-a002866c79eb	TCGA-F5-6813-01A-11D-1826-10_hg19_Illumina_gdc_realn.bam	0944d89879f473948709f6b415e888aa	27708613864
216	48a04271-824c-4689-8a41-4aeeb4c6da04	2f13699d-94cb-4573-b54a-1789a93641d6_gdc_realn_rehead.bam	64295539f19776539ffe05652fdee499	7537472671
217	71718355-af11-40d5-9a11-dead3a6d78dc	TCGA-CI-6623-10A-01D-1826-10_Illumina_gdc_realn.bam	a9e70a6f5d9d11ea31856093dae2d406	11133745878
218	03ef10e3-7967-4433-ae53-c6e8f54dc63a	TCGA-CI-6623-01B-11D-1826-10_Illumina_gdc_realn.bam	c07e28054f1de225d2d85f453d36a4fc	23293160917
219	203790b7-4919-45fa-a76e-25e1584de274	TCGA-CI-6623-01B-11H-1829-13_mirna_gdc_realn.bam	065356f07a7a22cedc01e9a5b98ed8eb	174891958
220	d309d103-5eb1-44b5-aa03-ec387033d0a4	d722fb7e-a795-4ded-b39c-5c3c65ae74cf_gdc_realn_rehead.bam	4448cc8f843046a784eaad3d0410c5ee	9851606288
221	eaae4350-4dc6-4da4-b000-d03002f69159	TCGA-EI-6506-10A-01D-1733-10_hg19_Illumina_gdc_realn.bam	1b99c79b9f3862cc04d96d22994c395d	38517637582
222	ad9ee390-cb11-4686-97c1-6422b6e397a8	TCGA-EI-6506-01A-11D-1733-10_hg19_Illumina_gdc_realn.bam	0f4130cdbd9570da1fefb598ebb62aab	32851017787
223	12c6463e-b020-40c1-9a6f-ce28e46839f9	TCGA-EI-6506-01A-11H-1735-13_mirna_gdc_realn.bam	4980d69772265cc6fcc2404377b08aea	244147731
224	240929a6-26b3-4cf7-8894-ea619f3f2f0b	e50010f1-dab3-4d73-a7eb-d742a62d4918_gdc_realn_rehead.bam	dbdb9444f1e261bf8db9666c40ac4e12	9851619360
225	adb45984-11cc-4889-a4e6-a3e9760440a7	4d92711d-3f95-4972-bd95-ba57b5ace81a_gdc_realn_rehead.bam	6b7128b1c73e31c166d025b3acb5ae03	2746637114
226	b11ed31d-35f5-4c6f-9464-753277ec63d5	TCGA-AG-3581-01A-01D-1989-10_gapfillers_Illumina_gdc_realn.bam	ba3649f862d169b37d41deb3bfe211f8	6064317483
227	aac1a70b-b55a-4f04-945e-be63924d953a	TCGA-AG-3581-01A-01T-0822-13_mirna_gdc_realn.bam	3f3758eeb76fcc82e3f331adf5bcfdf6	50520568
228	ff111bdb-f2d4-47b5-a862-7a7aa54959c6	TCGA-AG-3581-10A-01D-1989-10_gapfillers_Illumina_gdc_realn.bam	cb4c9638cd1d7b87c6196ab740ebf98e	6545966649
229	0beaaebb-a7eb-481e-ad0a-0ac16186c63e	TCGA-EI-6507-10A-01D-1733-10_hg19_Illumina_gdc_realn.bam	436fcaf1718c340545efaf9ed3320a2e	37610702678
230	3e1f0cc8-eba1-45b8-8ba9-6de35bb60c8a	TCGA-EI-6507-01A-11H-1735-13_mirna_gdc_realn.bam	a7a65692b51d478d5aef1bfd330a81df	231435429
231	99a5cc3d-87a8-411d-a861-6bb6741935b5	b896e036-69c9-48c9-aa1a-7f81ba908652_gdc_realn_rehead.bam	2ba4025dab2b8ec115c63b7c21fd3dea	8411132283
232	1ea06bc6-ca26-4ba3-9c7b-001bafb15920	TCGA-EI-6507-01A-11D-1733-10_hg19_Illumina_gdc_realn.bam	dd3b1470638e67830ab2dea8964dfd65	34270742224
233	cc60c38f-d789-44a5-ae2f-f90f9a438634	5e95c82e-f545-47b4-949a-3f66f46093ac_gdc_realn_rehead.bam	2d3fb44f1854728299eb0cd5cd42ef78	8376048828
234	3428d5c0-3bc4-4e73-9a5e-d29a5be3c519	TCGA-EI-7004-01A-11D-1924-10_hg19_Illumina_gdc_realn.bam	53b5e5e88b63a85fdb3a8bd8298f2bd3	18793316926
235	03fdb3ca-c21a-46ca-b05d-04c365ee125a	TCGA-EI-7004-01A-11H-1927-13_mirna_gdc_realn.bam	8d0c481496388f16396e72b6f5f93bc9	302221931
236	1c115458-bdbc-4eed-8413-1766013998ea	TCGA-EI-7004-10A-01D-1924-10_hg19_Illumina_gdc_realn.bam	e0c5a7c71c6eff38d4f942317243e8ba	22813175851
237	5ab3a14f-0376-49bf-93bb-3db8f5152591	2f0a2cdec31f2615df8c1e67403803ba_gdc_realn.bam	3387991011f341f6ba4eae2f67579c3c	32367615474
238	65600d4b-5164-4ae2-a520-9acdc3209a26	cf3491093880babfe30f12a19229dad3_gdc_realn.bam	d6d6fe5d8dcb3e0913e3d9a95d5db134	35070862763
239	26a9a32a-ddd7-44ec-8f7f-3b4b95959d0b	fa36a881-8486-491c-9084-b6a1a262e6e5_gdc_realn_rehead.bam	9a6f1fdae185e8e05c1c49cab9685633	2029791587
240	347082fb-353e-431a-9126-3ef7c72d946d	TCGA-AG-3999-01A-01T-1120-13_mirna_gdc_realn.bam	e7d76d0d157103e57cb310bcbe753a7d	96851428
241	4947d5c1-e69d-40e0-9e17-8cf529db48f8	TCGA-F5-6863-10A-01D-1924-10_hg19_Illumina_gdc_realn.bam	aa32fd20f7c614111cfe4ba2b46344ec	22326736929
242	cb778559-38b5-4678-91d6-cc5ea4182eea	TCGA-F5-6863-01A-11D-1924-10_hg19_Illumina_gdc_realn.bam	7c2ec3760302022446f0711a324d7522	19413979368
243	6adf4dcf-f013-43a4-b726-dbb03f7f49f0	5dd9a18d-62b9-4f5d-8478-952b1bf93f8c_gdc_realn_rehead.bam	e9f2ee62bb8ac3476adb25d411ac2a5e	8249553585
244	e7f670ea-2221-4da3-9546-ce70be67c897	TCGA-F5-6863-01A-11H-1927-13_mirna_gdc_realn.bam	f1a30b7a8f33911252b1918cc21286da	265768696
245	7c0bdeb6-06af-4319-9d9c-84a15fa3338a	TCGA-G5-6235-01A-11D-1733-10_hg19_Illumina_gdc_realn.bam	a2c85cbac7f5c20ed2d254d0b8627159	38699382412
246	b04238be-2a24-4c04-9fb0-ac1803bd0aa0	TCGA-G5-6235-01A-11H-1735-13_mirna_gdc_realn.bam	b92ea650e6697816c05afe38f126c567	234661398
247	7b3da857-4339-4421-9c4a-fd5df47128c2	92030599-47c2-4fd7-8d25-2c1a3cb9df43_gdc_realn_rehead.bam	08ce143098c194ab835b5f7eb226ca49	6858055155
248	e4503b66-cf93-4c06-bd4d-7de9642516fb	TCGA-G5-6235-10A-01D-1733-10_hg19_Illumina_gdc_realn.bam	684fa1e345621c585d344c6b9504b95d	33990492609
249	4615a1f5-6f87-474d-9e57-2c5b2df5817b	bf76402ca4b770ba6eaa3ff3642825ce_gdc_realn.bam	b81c814f053a799f9e605561ac78b9af	25031951494
250	b73541c2-24ce-4688-bdea-0ebe76c522b6	e159098ad6773ed52e9d983b1e345488_gdc_realn.bam	0105b1a37a6bcb6c5a5c39a02ded9406	21964966679
251	2c9b6da6-3168-4429-9abf-ed953f4e2b53	e575cb8f-b31d-4daf-844e-5a5ff71a36b6_gdc_realn_rehead.bam	41ec4b1ef660164a37ba5f32b6c6c4e7	1942779466
252	27c31b6b-2e60-46b5-a1f0-304b38190c47	TCGA-AG-3591-01A-01D-1733-10_hg19_Illumina_gdc_realn.bam	30904ca4df170523d5d68034313b5a1a	38337286485
253	e9cb7ecd-24e2-4112-b495-de16ce4011d6	f9e32384-f168-44e8-9688-2528a1576faf_gdc_realn_rehead.bam	a252b2958ef606c1653812b4745c1cba	7650304833
254	19ecebaf-e5d1-48f6-802c-734900920266	TCGA-AG-3591-01A-01T-1735-13_mirna_gdc_realn.bam	308af53abd2f6f7d456178dbe886d831	211665648
255	0c0c1d18-afac-49af-896d-786e14c3164b	TCGA-AG-3591-10A-01D-1733-10_hg19_Illumina_gdc_realn.bam	f972020f526aec5799ca63afead2a697	32367185190
256	b1edfce0-d38c-4976-aeac-e84a20b706a9	TCGA-DC-6681-10A-01D-1826-10_hg19_Illumina_gdc_realn.bam	1faf1e55c4cb6224dbb6f6f6995ccfff	25623362712
257	db2bd87b-ed32-416d-83d5-e3515e745a20	TCGA-DC-6681-01A-11D-1826-10_hg19_Illumina_gdc_realn.bam	30f36932d46a64c732741de3fad1d06a	19512291880
258	f654eb85-e9aa-4e9a-8b17-2f5cfd45e063	16d5223e-6637-4dd0-810a-cb6e1cadf440_gdc_realn_rehead.bam	e2eb92b9b5ebb6bdbc698189241d6416	8131644053
259	73048b88-f0eb-465d-bcdf-8bf994ad104f	TCGA-DC-6681-01A-11H-1829-13_mirna_gdc_realn.bam	c1e7836ac965bf9a4e25dd82383600fb	355095084
260	059b81ef-2292-4935-8d80-85c5bb4a1c81	89e7e15cd6312e7f398eb098970ddb87_gdc_realn.bam	fe9aabb645bfc9a045ba13cf04ca3629	21955509585
261	c1a01a1e-7223-45ad-81d8-23cdefa872df	TCGA-AG-3892-01A-01T-1120-13_mirna_gdc_realn.bam	06fa149013de895c9d03cb9816c46f5e	67351212
262	24dafdc4-52e0-4cd1-83a5-2ac04afc7a38	bfa60531-9b4e-408a-a48c-99b3d8d86c17_gdc_realn_rehead.bam	c0585b0c7aab2a06da5fbcd1f817261c	1896006816
263	1ed7cb9c-9987-4f27-9e59-a4c173c7eb27	TCGA-AG-3892-01A-01D-1989-10_hg19_Illumina_gdc_realn.bam	21aa75808df111de3996a32926b5b9b2	17588118072
264	4db677d7-aa5f-4d14-92e8-7e143ade0c22	b4dab10c90eb7e011c1429d934cb3214_gdc_realn.bam	3ddaae89c3c6514c28b45266b0b8b5a9	24076074094
265	e6ff3716-4a38-4cdc-aeac-4346bcbc3ea9	TCGA-AG-3575-01A-01T-0822-13_mirna_gdc_realn.bam	bb7d37cda545ce8dfd40cd02a2c3657b	102541545
266	a1a47bfd-4d84-496d-abe4-5a85e440910e	31b51478-4d07-4286-876d-a9779a611162_gdc_realn_rehead.bam	7e8b496b344a21ea77b7f683ffda58ed	2211333466
267	14eed239-14ee-49b0-b1e6-7206b0101795	TCGA-AG-3575-01A-01D-1989-10_gapfillers_Illumina_gdc_realn.bam	11c66b4b9a779779d7c440866e0d6eea	5098237252
268	880740d7-60f2-4312-8021-d65d53238693	TCGA-AG-3575-10A-01D-1989-10_gapfillers_Illumina_gdc_realn.bam	412f520f82975bb21e1d0a2a3a4d5aef	7458284975
269	328d1466-bb6e-4c26-a741-8a2d87ba8f40	TCGA-DY-A1DD-10A-01D-A152-10_hg19_Illumina_gdc_realn.bam	b5f896085c69e036f2a1f167d47bce27	29424617217
270	a538cf19-9fb6-491b-90fa-5cf707327688	TCGA-DY-A1DD-01A-21H-A154-13_mirna_gdc_realn.bam	3ce158921332b4d8a53112d5e3a5942c	457534457
271	b6e908ee-def3-4d88-b986-2bcb0e8a8c57	ebf6b4e0-5be1-4309-92a7-2428a6d54eba_gdc_realn_rehead.bam	4183264addba33509fa9f63a7a687e7d	10688771375
272	e1c500fc-d899-4db2-b2f5-776db3dc9270	TCGA-DY-A1DD-01A-21D-A152-10_hg19_Illumina_gdc_realn.bam	7133db3e857de13767b55e12c684065c	27198188765
273	f947dcf6-9de3-40ea-8669-697388ebae40	7bd694f8b68e5200b096c030acf5a6d6_gdc_realn.bam	1126f4338f1546d78787a1a849e9c6c8	22444911097
274	e275d9c3-03b4-4aef-8a8d-0a2111d9749d	a650558605b775f77cec8f33b3836650_gdc_realn.bam	fab8147547198926207bf31d9c1f2f22	25541620603
275	95ffede8-754c-4976-950b-80aa20246b2c	9ce65391-0a43-4d49-8f2e-94c766902798_gdc_realn_rehead.bam	2012592d19be8e9a53d21b7727abe255	1786810072
276	5f47d38f-def7-4406-9f7a-a824f3547b6b	TCGA-AG-A016-01A-21R-A076-13_mirna_gdc_realn.bam	131001bbeafd5f8a43e463228c8e4bda	92853524
277	2f2138b9-9888-40b6-9d78-60567ae368aa	TCGA-AG-3601-01A-01T-0827-13_mirna_gdc_realn.bam	c9f7116e3fe0f45e4b07a4429ffb5408	66808566
278	91cbb888-04ae-4b08-b9b9-0c3d0a25d8c7	ec235e73-1df8-42be-9c49-7e9984104ca9_gdc_realn_rehead.bam	cac2dc6ab6d4b8a963c889d12a4d07fa	3214714644
279	31758a60-4519-4ed9-9a0c-8eb18cdf1cd9	1518a0f1c40570195954004de4151b09_gdc_realn.bam	a9be23d65cd3f5f974d2cd0df0054d4a	20760679099
280	69f4c43c-f7aa-423b-8ecd-a059868b8d3f	TCGA-AG-A011-01A-21R-A076-13_mirna_gdc_realn.bam	bf5ea20930a260f1663fc232537f11e2	27429157
281	2274820c-57f2-4b75-9add-95d4587650da	de6476f0-f3e7-4de6-9c3b-189932cbade4_gdc_realn_rehead.bam	dd7a7882fdee2f6d581e55517ece69e7	1766212976
282	4645d459-f3cd-4d4d-be88-97ba8c2cbe69	4dee10e7b5cdb2580b921c8fb6f28fe2_gdc_realn.bam	aefd78705f7a9817bc300c4966abde15	23911448270
283	1c08b3cd-5bbf-45c9-9019-d5892404901a	1bb12bfe-d763-4b29-9bc0-8a62f187abce_gdc_realn_rehead.bam	a43cbc22a0ddc47a338e0ab30967e59d	2201847283
284	e5dcf0e3-c41e-4981-b674-2c30b188b43d	TCGA-AG-A026-01A-32W-A096-10_Illumina_gdc_realn.bam	444d7a93fce63fa62c19e9a6c9fa735e	30749200098
285	c380b668-69f2-4348-a9a6-bd9b234acafe	TCGA-AG-A026-01A-32R-A082-13_mirna_gdc_realn.bam	502c99d9205ef2f3de2958b813ea8832	63458443
286	48490cfc-e3ee-420b-8340-d2534bb928d5	TCGA-AG-A026-10A-01W-A096-10_Illumina_gdc_realn.bam	fdca0b9156fbd2edfb671ed676aa48b4	30022687219
287	c38cfab1-00c5-4b41-89bc-7cb0d2355973	TCGA-AF-2691-01A-01T-0822-13_mirna_gdc_realn.bam	04489e2b395144729a58e889c790cf96	76796895
288	67ce9fa8-ad21-489c-a30e-aad7c60ffdb4	d16e8612-a0f5-4d6a-976b-cbff58dd23ae_gdc_realn_rehead.bam	acd18fbd8aacf810d0177ebcfa953f9b	2266298413
289	158d9147-e998-4c38-aa6c-af078dc73641	TCGA-AF-2691-01A-01D-1989-10_gapfillers_Illumina_gdc_realn.bam	d2d7eb3df1b0562fa019da11c2581ef8	4874587930
290	8c81b31f-8ef7-4766-bb94-2d63eb539f74	TCGA-AF-2691-10A-01D-1989-10_gapfillers_Illumina_gdc_realn.bam	14c9fff68d43102dfd2db19027bc463b	4901451287
291	12ba01f4-142d-4441-8c44-50eb42e9ce89	TCGA-AF-2691-11A-01D-1554-10_Illumina_gdc_realn.bam	f802c55ede7d7731ff56c1c24365e676	22148018293
292	fe9f7bd4-296f-4e3f-911a-c28d810c69fe	111b5c3a-9fb5-4ea9-8222-fb972a47abd4_gdc_realn_rehead.bam	eb60d2255b61c7db76c47bd308b3723b	8820654505
293	55cdb063-7f31-4cf1-ba0d-2de501519df0	TCGA-AF-2691-11A-01R-1757-13_mirna_gdc_realn.bam	c06258c43a5f0746292ce7afc98e1137	50471249
294	d05676fc-7cfe-404c-99a7-377eccfafb85	TCGA-EI-6881-01A-11H-1927-13_mirna_gdc_realn.bam	51913d8dc96b07d8b8ab4c911a4bac2c	127433814
295	61d20592-f798-4714-ae9a-fa40b968bf18	391f9299-0d3f-40b4-a4cf-4947755a9ab3_gdc_realn_rehead.bam	147d384f0890d4100ed7cfae12568bb8	9090073116
296	1f91e998-4bf2-40cd-9b4d-32e06b5891e4	TCGA-EI-6881-01A-11D-1924-10_hg19_Illumina_gdc_realn.bam	dfdaad878a5013c3de024bef4f3ab63a	26965106698
297	feccace7-c4c6-4d99-98f9-ca0f61ddcbe5	TCGA-EI-6881-10A-01D-1924-10_hg19_Illumina_gdc_realn.bam	8b0f17641661df91a087f3bb4319a0ef	25318748120
298	aea898dd-30b2-433d-8ed7-7d0c79e60d75	29a9221d5a47b9472da4869a470e7ea6_gdc_realn.bam	8c56469029341195684a26767ab77b4b	20844566505
299	723d7942-c273-4e33-9aa0-b417ce2f7f1f	TCGA-AG-A015-01A-21R-A076-13_mirna_gdc_realn.bam	d164fb8bf68ca6a329cd4517bb5a420b	78160265
300	7bc89e56-56d9-4983-b1e3-fbd5def9dd47	aa8b117856b9876d3cc4de28bd3e46cc_gdc_realn.bam	9e49588bd42aa2a099e1dae190668783	20788381831
301	bf710356-75d2-404f-b84f-60adbb2969e3	947f61cc-8d4d-469b-8515-d48126d60e21_gdc_realn_rehead.bam	44e99606cd9a59a3b6dcd6d5c37f19b7	1899922923
302	f0d1338c-820c-4265-ab78-bbb9a164d51a	TCGA-AG-A015-01A-01D-A183-10_gapfillers_Illumina_gdc_realn.bam	80d9d9064c543aa196a966b9aa1624fd	7027946916
303	725a32b5-42f9-4f21-9ec0-936df4b13a33	TCGA-AH-6644-10A-01D-1826-10_Illumina_gdc_realn.bam	04c3402a984ed4d4c5da64548646405c	32366538785
304	455f4e20-ddd1-42cd-9d12-c4e769e22a38	4fcd87e9-6967-4288-a1ca-0ac318d87030_gdc_realn_rehead.bam	790a3edb37c16842cee44daedba1cbb0	7882826799
305	6c4648dd-709a-4774-904d-66fe47a01273	TCGA-AH-6644-01A-21D-1826-10_Illumina_gdc_realn.bam	cd3dc1deaa79ead6378ba072b60c95e4	28332264484
306	dfe9bc7b-191d-4f34-924d-54e0cd975fc9	TCGA-AH-6644-01A-21H-1829-13_mirna_gdc_realn.bam	58b3cd10b00b5dc0de63c0f067f0ae4b	204079856
307	841a81fe-d79b-4712-bc74-6798445fdc2b	d9f78c8e499b3c7cb71214060b7c615c_gdc_realn.bam	c7a42d92cd5cd35721efe891272c4b4e	29581480958
308	11cef7f7-982e-4ab8-a5dc-14bfaa1adf0f	f365d9c106fed72a72744ec7b81800cf_gdc_realn.bam	e0c83c19203c3d2dece7690c620d4996	29051320176
309	fec947ca-0fc8-4c6b-8201-5e1c62805203	ab2df041-2a00-4377-ba23-6723b04ef34b_gdc_realn_rehead.bam	86a9f2011bce07025d013692e0746c75	8239281850
310	73891f79-e66f-4b80-b9b3-268e2bf87478	TCGA-AF-4110-01A-02T-1735-13_mirna_gdc_realn.bam	16c86452385aff3aa2165986b95cc1bb	266064160
311	c239fa86-5aef-4d9a-9c20-a5a818afab0b	TCGA-AF-4110-01A-02D-1733-10_hg19_Illumina_gdc_realn.bam	72604dfae0ae88e484087cb64a693c75	29334348218
312	53a493c6-7a95-40ad-a467-46c08a720a08	TCGA-AF-4110-10A-01D-1733-10_hg19_Illumina_gdc_realn.bam	db82ac3bc1eda0d8c22cfa55ff625f53	26541455735
313	eaf51a9e-45cb-481f-bca6-794bf5596eac	39cf3d62f624e8e472c68d02e3baca1a_gdc_realn.bam	b48cbe0d77173897a86817a3877691f0	33760301075
314	0ae1f87c-e00d-4d5d-8901-ce9bebd841c9	TCGA-AG-A00C-01A-01D-A183-10_gapfillers_Illumina_gdc_realn.bam	5a15e29c0665921de77b1807ca20fc3c	7721036974
315	3d5990fe-2a1c-4dcc-8c7b-c75d7bf5a42e	1db353d2c6b066e804df95e47ed60240_gdc_realn.bam	f69d72ac927e94ed604542419a2fdea2	27604188020
316	2f4b19e9-a1e8-4a54-a391-412c321e2d2f	3ded2bb3-4ae1-45d6-bb01-2bbeb4ad3da5_gdc_realn_rehead.bam	ff42dee3ddf63e7b58bb5ec971726a0b	2934784526
317	6e3a8044-fef0-4c32-920d-f935ecc24da4	TCGA-AG-A00C-01A-21R-A076-13_mirna_gdc_realn.bam	385e2d78a97bf818e5bfb636656a6c70	45775147
318	76304d27-e029-4032-975f-64c607e21671	c157eb7769559d7d6fd1378af5df2ef6_gdc_realn.bam	3969b04d2dce9962ca6dccde8cca3531	23126046646
319	d73a7967-e4bd-499c-bc8c-e2c087357cf6	07ce0d7c5b5ad0b0490216d7fba6628e_gdc_realn.bam	a3e91a66af51f0aaa648b0731253e3c5	23246088903
320	47b33bbd-e905-44ac-b0f3-c9ad6e0d4a32	42b1336e-bef9-4708-a5d2-4eeb81208742_gdc_realn_rehead.bam	6afdcf934cd1344e56e117ba284d38c8	1542508622
321	5d7b602e-f8b1-4a2d-b188-b4ebb1ed632a	TCGA-AG-A02X-01A-21R-A076-13_mirna_gdc_realn.bam	4496899746a1fdf716898e3fe68a8fba	46859534
322	047eed6f-c5f5-48e5-b53a-f2d9f4763504	TCGA-AG-3609-10A-01D-1989-10_gapfillers_Illumina_gdc_realn.bam	d708e9e782a4d1fdc80e44753b2ba657	5962080061
323	5dbe3e1e-179e-41cd-8e85-ab7336cc0b19	04e07cea-9673-4e83-8f13-ff339ea8ea18_gdc_realn_rehead.bam	4798f284579ab7cc44c6144b783a9697	2448335246
324	a26eb09f-3a6b-4cd4-8c9f-e29a8cfd7cef	TCGA-AG-3609-01A-02T-0827-13_mirna_gdc_realn.bam	18249e2f2b4c3262abd38a680deb30a9	58331418
325	bb028d08-4528-4a73-b3e7-81ae91123dd9	TCGA-F5-6464-10A-01D-1733-10_hg19_Illumina_gdc_realn.bam	beabb204462151a69119d234387c86c6	35590063511
326	ec90eb78-c529-4897-b60c-db850ae3252f	TCGA-F5-6464-01A-11D-1733-10_hg19_Illumina_gdc_realn.bam	6622926e5f543792e3a19633a30e20cd	35105305240
327	451f5e80-08d1-4f5a-a03a-ac05e8b1fdd8	TCGA-F5-6464-01A-11H-1735-13_mirna_gdc_realn.bam	87043d605ad7866f193ab8941d0b0ab3	500954938
328	e3241322-978d-4a95-872a-5ce967b2aba6	b6bc54af-770e-460b-bd54-f1691843c429_gdc_realn_rehead.bam	e5f7562c2f31d724039a8ea085d88016	6651119457
329	fd97e496-2071-4a24-9267-aac611222d12	fb29d352-af88-403d-8637-939ce19d126e_gdc_realn_rehead.bam	bebdfc2cfb9ce35a6029de5fbc482600	2480447311
330	b46cb06c-7d9f-43be-828d-665dab6054f6	TCGA-AG-3578-01A-01T-0822-13_mirna_gdc_realn.bam	2a38c2edd21601403f4f2588cdac0324	64595692
331	37b431bb-f11d-4445-a9f1-34d7b88c0543	TCGA-AG-3578-10A-01W-1990-10_gapfillers_Illumina_gdc_realn.bam	aa6b645ada90731d8bdfe5e839db3270	6441256296
332	6fde89a0-a43d-481b-bbff-17376368f63a	TCGA-AH-6547-11A-02D-1826-10_Illumina_gdc_realn.bam	0f00b80d514faec2bf6a23e853e1b889	23831052370
333	f46d9d09-b5a0-4572-934e-1f7341eb32d4	20d31aff-7d81-4133-9097-efe9ebebb1a2_gdc_realn_rehead.bam	91eea08fdee464c65dde6e2df2784610	7559394353
334	baf1a29b-b1ee-40dc-9ebb-16ae4f1e07a2	TCGA-AH-6547-01A-11H-1829-13_mirna_gdc_realn.bam	6241b4a948e7fc22bdfddf2e9c60543c	283383254
335	54674b0e-36fb-40c0-bc6d-6ba0d0d2db93	TCGA-AH-6547-01A-11D-1826-10_Illumina_gdc_realn.bam	53e7958152f22c5b1403056a2bab7794	19537724047
336	8d7fea90-2247-4902-9744-ce1a733eee80	TCGA-AG-A025-01A-21R-A076-13_mirna_gdc_realn.bam	a88b09264074e033f95c1d78262366f2	28078924
337	41afaaab-abf6-4557-a206-bfe212f81557	c99f50ca-5acd-4a84-bd9f-b9d030b23c26_gdc_realn_rehead.bam	e93a854dba3eab6d701e47668ca489be	2197687074
338	7c59d707-33e7-484c-b088-bd94a2487897	6a6f37fa849f30f546ed7c547ffee022_gdc_realn.bam	0ff7c8d0c7826f74da52574125a3027d	21566058136
339	7948493d-dc6d-4630-b01b-2ca1071df10f	bebcd417f97d33d9befc7f54a990d133_gdc_realn.bam	c8d18f083f3d6270477c8fb38c9e16ae	34048370875
340	60158f6b-e338-49e9-a0e0-e46d02cec434	TCGA-AG-3882-10A-01W-0901-10_Illumina_gdc_realn.bam	3b7a826b77cfddfde564d07579015a72	28721568964
341	8cfe0cef-a67f-4de6-864d-0ca27970cc68	TCGA-AG-3882-01A-01T-0906-13_mirna_gdc_realn.bam	cb69ee63a8a1a551a82aca10c0673e9c	45137933
342	c0f213be-0b6c-46ca-b350-445168e2c9b1	TCGA-AG-3882-01A-01W-0899-10_Illumina_gdc_realn.bam	94e3a8425aa6f0a771aa0636d7bf54e7	28026852734
343	a4b5ab23-bd53-44d9-9461-8886940847c5	d5af25a0-4dc6-40c9-985e-8d069a9e96fc_gdc_realn_rehead.bam	bafb72f2e9bb8b48d1a85d99e040b6cf	1596411531
344	59848f77-6c73-4a46-85e1-943fcf6040e6	3530c572-8ecf-4800-b132-781174a5ab6f_gdc_realn_rehead.bam	4b8f66a946f915b843da14db489ff6c8	7838133515
345	597cce9f-87b6-4a09-825b-b89e3e897a11	TCGA-AF-2687-01A-02T-1735-13_mirna_gdc_realn.bam	594213396f738794864e45906f420c4f	273457104
346	fccc621e-9341-4da1-ba9b-c921308b6a72	TCGA-AF-2687-01A-02D-1733-10_hg19_Illumina_gdc_realn.bam	f8b10dab28208bcbebb8550ae67c2f05	35481109376
347	eca70fe1-fe11-42d1-8696-e76913aeff84	TCGA-AF-2687-10A-01D-1733-10_hg19_Illumina_gdc_realn.bam	55b63e20243552281b80d53b2c949653	38816077491
348	f085b7c6-058c-4348-97c1-f962d2bc2634	TCGA-AG-3881-10A-01W-0901-10_Illumina_gdc_realn.bam	8309ee13f3c03d192cffbb233bc2b806	31055675279
349	f3d04a3d-8c5d-406a-9687-005b303f6754	de0de913-db51-4fdc-a982-369fcac1b33a_gdc_realn_rehead.bam	f49a11eb46ce4f83b390d2d8b77abdcf	1794501761
350	9377c9ad-5c0c-4c2a-b202-6b099f5f10ef	TCGA-AG-3881-01A-01T-0906-13_mirna_gdc_realn.bam	ab10255f552d69d5968ace8554e52e6b	90559333
351	ea67df2f-78e4-47c5-9dbb-c670376f32f8	TCGA-AG-3881-01A-01W-0899-10_Illumina_gdc_realn.bam	3839211d1866b53e2d33db3d54447d17	31582908748
352	95167e4f-db67-40a5-86c9-9a16820538cf	ce55b425d6c68637677ec682a331ed65_gdc_realn.bam	f9f5399816c8da4f37be4c211630face	30102044590
353	8b2029c0-2961-4c7f-bf1b-bd76727f98af	ca0584a6-79c4-4039-bbb0-d9356aee05ca_gdc_realn_rehead.bam	c742ca2b23fa5ad6cf41b6e6df419243	2688127099
354	35cae7a5-f598-4415-82d1-706b0ae44cec	9bdf8e71e41d5ebd7a7a75f23b27a5c1_gdc_realn.bam	721de8024adc949e2d7221303a16e0e5	29928908226
355	de72e93f-78f4-47a5-9a8c-b66a511d4858	TCGA-AG-4005-01A-01T-1120-13_mirna_gdc_realn.bam	2f08a4c4a782af432877168e31cd374f	53359599
356	bbe51eb3-70a0-42a7-b527-be2a2c6a55bb	TCGA-AG-3883-10A-01W-0901-10_Illumina_gdc_realn.bam	d7014da7761ad005857d8877d4fb1123	26581938815
357	6fa9778f-ee7a-4257-ae33-1c12b85651e3	TCGA-AG-3883-01A-02T-0906-13_mirna_gdc_realn.bam	2c3061f03447f2b320caa36215cca538	46128685
358	5ef44751-444b-4b93-8805-444ede69aeb6	TCGA-AG-3883-01A-02W-0899-10_Illumina_gdc_realn.bam	15a36c08446fd39f220ae71f0ba7c49f	29023591193
359	f9456f03-9967-40da-a1df-9f5c60eeffd7	dd72b2fc-577b-446d-9460-ed17e32e0765_gdc_realn_rehead.bam	1fd9f740d8d7d8ea4bc1b8f11b794bbe	1590320859
360	c9ee2c63-5b46-4d77-98ed-208ddf2cbce1	TCGA-DC-5869-10A-01D-1657-10_hg19_Illumina_gdc_realn.bam	02939b365de191eaec7cc34614d97504	36312233115
361	e2ed6687-07f2-4f56-83f2-7b23392e6fe1	TCGA-DC-5869-01A-01T-1659-13_mirna_gdc_realn.bam	bfda4f2fb7016cfa99e79cf479a68f90	308718962
362	02988e2f-3f18-450b-bd70-7968ddd9d904	TCGA-DC-5869-01A-01D-1657-10_hg19_Illumina_gdc_realn.bam	3fc9ab20b346a92fa193b028d694fa5d	16472351289
363	37df2668-6e55-4e7e-91fe-fa6fa34f82a7	1aa67276-73af-472f-9ffb-5e334cb3d84a_gdc_realn_rehead.bam	398c0eaee0ef422947d0e2000f742f17	6635240314
364	57ccbabc-98df-4a1d-a1fb-d2917f6c59a3	TCGA-AG-3580-01A-01T-0822-13_mirna_gdc_realn.bam	e4e922ed9f400f43459242a6a393103c	39018350
365	0b401bda-9984-404c-99a6-6acca9eb945c	d63b8da5-11bd-4d27-add6-9246528238e6_gdc_realn_rehead.bam	3757e4d73085aa97cca13aa94090e084	2086757257
366	76f7af72-baf7-4fef-a9af-1aed0905632e	TCGA-AG-3580-01A-01D-1989-10_gapfillers_Illumina_gdc_realn.bam	5218db5db2a4dd13952e9b8ac4585753	6642636635
367	62141b25-a343-48d4-b647-110832bb11be	TCGA-AG-3580-10A-01D-1989-10_gapfillers_Illumina_gdc_realn.bam	8b601daa7820a34147ea6ab29e0f84d1	7976040030
368	41a933e8-45e6-4dc3-bd6f-c017367def42	TCGA-EI-6509-01A-11D-1733-10_hg19_Illumina_gdc_realn.bam	793c574f7d0c50c8b9de6d8fdbb52896	36370520875
369	b2013ec5-b2a9-4bad-ad9d-68832d69aac4	TCGA-EI-6509-01A-11H-1735-13_mirna_gdc_realn.bam	150676df286f1b3b4bafb2f06890ca96	258058636
370	68f918de-2e18-4ee9-a783-bb50f4f9aeb4	f18aa1a7-ca3d-49aa-a139-d128ef0397dc_gdc_realn_rehead.bam	d6d850c0f5ff6cf1ad3f88c5852e9316	8945178027
371	6a056184-4286-4884-ad3b-63b0d746c37c	TCGA-EI-6509-10A-01D-1733-10_hg19_Illumina_gdc_realn.bam	6a965618972078709a9c45c196b3c254	29957009409
372	d86c92fb-ab50-45a3-829d-bba3e70f9b69	TCGA-DY-A1H8-10A-01D-A152-10_hg19_Illumina_gdc_realn.bam	7f6d3fa867a556792174e5193416c8bc	23906769001
373	0291e3f8-73d7-4dad-a915-5465e8be971c	TCGA-DY-A1H8-01A-21D-A152-10_hg19_Illumina_gdc_realn.bam	0c93728fb00d8873f9ceffcee0bc37cf	26120012686
374	be80fb51-f36b-4c3a-95f1-c97883538e49	14deccdd-1c2f-4382-a83f-eed278602575_gdc_realn_rehead.bam	6a3a205a12553957ae2f573bd2f6421b	7429207111
375	a376f444-88be-4c9b-ad6d-1469428581eb	TCGA-DY-A1H8-01A-21H-A154-13_mirna_gdc_realn.bam	8f75168ba2fcc1bdcad63592b523a6c7	263501824
376	776c994e-b68a-4f52-90c8-02c40e0e80b2	TCGA-AG-3602-10A-01W-1990-10_gapfillers_Illumina_gdc_realn.bam	9c196ef5243def9005516cff9d7be2c1	6017886199
377	bbd16ddb-54ad-4f2c-8d05-2369fd33099b	TCGA-AG-3602-01A-02T-0827-13_mirna_gdc_realn.bam	fe8a553efdb54a9ebdd43efebedc7c64	78848552
378	603e5132-ef98-41e1-b7b8-cf099eaf3e5c	d5a29ff2-bd5e-48ff-9908-8a8b1ae94422_gdc_realn_rehead.bam	f9046717b5f7b83fd2ee7584bf0183da	1954275387
379	c2ed36b0-cffb-4cea-a7f3-f025006e3d30	TCGA-AG-3602-01A-02D-1989-10_gapfillers_Illumina_gdc_realn.bam	396d42de20282b83594ede0c4988edda	4780924626
380	928cb705-b3ba-4e29-a818-e7a1c8791770	04d25acd-c5d0-4619-ab61-1b8d32dbc877_gdc_realn_rehead.bam	4a44f1a858628a67f0a3c64a8b9fdfdc	5883163784
381	099b673c-5aee-48c2-9a39-a4c9b4354a1d	TCGA-DC-6158-01A-11H-1659-13_mirna_gdc_realn.bam	0a5fd788423b65063153189b7b5716a7	314293067
382	8c558809-c07d-4e01-ba02-1d28becd4e55	TCGA-DC-6158-01A-11D-1657-10_hg19_Illumina_gdc_realn.bam	2e9ae19b99efafd67f24cace4a2e6c5b	34737842206
383	fd1540fc-2e72-4713-a81e-b084f504fd28	TCGA-DC-6158-10A-01D-1657-10_hg19_Illumina_gdc_realn.bam	84f069d06e17245c39114945be5fa0e3	35048433576
384	d1518e2a-68f4-4b07-980b-3006bc2275b5	c11cae0c-2a81-46ce-9123-f50b14ecb790_gdc_realn_rehead.bam	81d4730365e0626efd6f0b63e409f5e5	2319612738
385	9e7dd504-a9a2-4d6b-a042-2eb16c10d4ec	TCGA-AG-3584-01A-01T-0822-13_mirna_gdc_realn.bam	215ca62275c141998ce59b9962f3aff8	55572804
386	188a31dd-d54f-43cd-806a-04059f0272bf	TCGA-AG-3584-01A-01D-1989-10_gapfillers_Illumina_gdc_realn.bam	36c553278d1cb828c56ee0d48d5143ca	8188148299
387	79920f91-440e-4937-b0f9-51b44da93d71	TCGA-AG-3584-10A-01D-1989-10_gapfillers_Illumina_gdc_realn.bam	894fbe7c68f4af002d28190df3ae0bef	5518061151
388	43a81a03-a3b8-4bbe-8360-a1141e5d3dd1	84fd0c76-1ed9-431b-90f9-1bffe74e0cec_gdc_realn_rehead.bam	a21748d0b47035d0cdcdb57d16ff8e77	2551251133
389	8151d58c-5ea2-46c9-aac8-741bd337cf49	b3639509289c74db30d68b75283c22f8_gdc_realn.bam	28f7e2df252442800f1473df524d7770	25275123108
390	9b1aba3b-d2ed-49a6-bc00-a442abacf3b2	949141387c57e7864562966227093767_gdc_realn.bam	b8336d924f8a9fab00611903432b3698	22409612738
391	04d6a29c-dae1-466e-be05-3e8cb04d20cc	TCGA-DY-A0XA-10A-01D-A152-10_hg19_Illumina_gdc_realn.bam	3184b29bad469d8814b70d6212ff91cd	37020301822
392	b5abc481-809e-4de7-8389-f86e24bd71a0	TCGA-DY-A0XA-01A-11H-A154-13_mirna_gdc_realn.bam	297d18a336d954c0cabf3a4ffe9545f9	299290440
393	874f2c2f-f8be-470a-9ac7-8e964e5b7b97	6eac957b-96a7-4197-a91d-3b0a2bfad86e_gdc_realn_rehead.bam	fb11d4f471f8a6e9a6bb4e2516e8cffd	7234403071
394	f41620f1-cee5-44ce-b0d3-190eb1e0d5fc	TCGA-DY-A0XA-01A-11D-A152-10_hg19_Illumina_gdc_realn.bam	7c4c15bc9e85f8f44327279d4d3c4edb	32647022091
395	91b60d9e-8ad7-4041-bd4b-15790711ea70	TCGA-G5-6233-10A-01D-1733-10_hg19_Illumina_gdc_realn.bam	39188a5e2f2f406e31e1fcd52a1af6ef	37621193630
396	21d5d6ba-5ea4-40d9-a867-130ae5336490	979f6fc5-823a-4464-8e8b-1f43f8fde6c9_gdc_realn_rehead.bam	eaac3bb2a0a26d368e28ff3530aa024a	7844182741
397	975f6a61-b7a0-4929-9f13-c38c4b976f74	TCGA-G5-6233-01A-11D-1733-10_hg19_Illumina_gdc_realn.bam	2506f900d35670ace273539fa9ce7ea3	38435886340
398	bc80f22f-7683-4db1-9202-484df4d529b0	TCGA-G5-6233-01A-11H-1735-13_mirna_gdc_realn.bam	eaacbe0bee6572b6ee0f2bd06c3d8210	472381853
399	2955c980-7246-4e53-bc81-602aebc02333	TCGA-F5-6864-10A-01D-1924-10_hg19_Illumina_gdc_realn.bam	21ac38cdafa242111af589ed86545185	21968189524
400	aa809451-5906-41f5-bb0d-0466ed72b0b4	3295dde5-ea56-424e-a0d0-ff46c7d1d15f_gdc_realn_rehead.bam	17012e7d2047da9f8a974e2e40f79685	9075572316
401	f6fdaaff-8b59-405d-bcfb-ca32b7d6bf1c	TCGA-F5-6864-01A-11H-1927-13_mirna_gdc_realn.bam	3eeed16a44dff370cc6a9783f817353b	367284616
402	368213ca-4939-4852-b4be-a684d9281707	TCGA-F5-6864-01A-11D-1924-10_hg19_Illumina_gdc_realn.bam	2c378fcb208d1790e56ede82315b25d5	21576340807
403	7b3b50c6-2512-4960-a0a0-b166338f88bd	c586201b35c5158fc56ce2c13c496fa9_gdc_realn.bam	a72e2e83bd60df1f53f38a6a844c9f89	20945658198
404	9243e462-a5b3-4ea0-91d8-45b6c661d3b3	TCGA-AG-3887-01A-01T-1120-13_mirna_gdc_realn.bam	dbf9d306f2e34013938c028329ccef79	68141015
405	f5f51da2-67b7-4d94-9ef9-dcf9f84592bf	dd5d3c9c-54d8-4072-919d-6a929e34882e_gdc_realn_rehead.bam	95ab17309e49f2b881a66ffa28c8aef6	1695808940
406	e78a6fbd-b563-401a-84ac-5c0ec2390b2d	e4210d85679a9e4b6524714dabfff472_gdc_realn.bam	371fec05ccfcf28de3f25b178d5836e3	18580278364
407	dbb1ef91-255c-4f3c-a197-fa6a4ce1cbde	TCGA-F5-6814-10A-01D-1924-10_hg19_Illumina_gdc_realn.bam	f75ba3c32c699db3018f81bacafcbf24	22920597929
408	58931c69-f90a-459f-9e22-4d0a2046daaf	TCGA-F5-6814-01A-31H-1927-13_mirna_gdc_realn.bam	2e25675a4c0d4ba69c7ab49ba42f923f	148546368
409	54a61d82-2052-4651-8b17-e035fd09bc4c	514b5e7c-4f24-443b-bcf8-062acc866655_gdc_realn_rehead.bam	930845c424ba0fb4b5ea803e28dd43af	8529523803
410	05be9617-3d96-4d8d-b889-f5bb8ac9ab07	TCGA-F5-6814-01A-31D-1924-10_hg19_Illumina_gdc_realn.bam	2a31f63e24290eec4e02e41e87f3af25	16881902295
411	1c5ab7eb-aa16-4a37-8267-d0f9b9055624	f9762f44-acac-4522-87ca-de8562595cde_gdc_realn_rehead.bam	22fb2a69898aa99c048034af4add9622	8629722267
412	5a08d738-deca-48a0-b28b-51ef203e3aae	TCGA-CI-6619-01B-11D-1826-10_Illumina_gdc_realn.bam	89237e89020e92e1e50b39f34c17af29	20223239283
413	4bb46ff5-eaa0-41a4-a2d3-c7b628fe3ec4	TCGA-CI-6619-01B-11H-1829-13_mirna_gdc_realn.bam	5d537b01b7d137e783b0c2a0e19abb7f	252193811
414	31c80fda-ae41-43c1-a60c-03a1b03ee559	TCGA-CI-6619-10A-01D-1826-10_Illumina_gdc_realn.bam	8016382e7d0bc85ef1c97d962b78fdb2	32892824534
415	0a3db3e4-8c4f-4892-b808-98c66a26c692	59ec58cf8c7884de6d690fc4790d1817_gdc_realn.bam	4e3a0157dbc70dff698a48faca104a90	25311891788
416	78cafb8a-6416-47f0-8e44-8e3e521d1b0c	TCGA-AG-3896-01A-01T-1120-13_mirna_gdc_realn.bam	90f399ad5fee0db1d8483a8c9f286a8b	56932141
417	ce91a0fd-da20-44a7-a8c6-93b89fa1f6d9	e6c4dfec-af88-4a14-8a66-5f01b9949f65_gdc_realn_rehead.bam	6621362fbe8c856958b0a390e11c758f	2258180331
418	433304d3-1dd9-409e-a21e-60217cd602c4	ceb9f09957efc4542a9c5b43dd9e058c_gdc_realn.bam	26b3b4dcf11d98f1a1f4b75c06bff245	25269479610
419	983fd958-2777-4f7f-9415-ba8b5f9f20a8	TCGA-AF-6136-01A-11D-1826-10_Illumina_gdc_realn.bam	6b4f5a84dfddc0e62f2263e495b90595	28157444999
420	42e42589-4c6d-4f74-99ad-5ac589a52cf4	c720f939-1f8c-459a-9b9f-8bb27642070a_gdc_realn_rehead.bam	86c9e1e0f57c3ec0abf2a6eefa7ac2ec	4883987951
421	75d47823-a1c3-4b61-8542-2bbec191497e	TCGA-AF-6136-01A-11H-1829-13_mirna_gdc_realn.bam	ee8ae643fcff3edf28958bdcd4289ccb	196884400
422	0e7b138a-9394-49a8-b327-7b66be7ef219	TCGA-AF-6136-10A-01D-1826-10_Illumina_gdc_realn.bam	2c10714f28123b67bd5088abfe747d1f	26946080865
423	b5a8a4ba-c017-4ae7-b7b7-21f7d42666e9	TCGA-CI-6624-10A-01D-1826-10_hg19_Illumina_gdc_realn.bam	1244aebb0f1192c2ee12f0d7e721e250	31492583280
424	17a29d2b-3dc0-4f77-b86a-8a1b4b567ab1	dddb09dd-90c3-40c6-aa96-a9891d31ca23_gdc_realn_rehead.bam	83c154b596ab780665a6bcb62815b12e	8240419892
425	35b4767f-bcf7-4dea-b3b7-b5ce98fee0fc	TCGA-CI-6624-01C-11H-1829-13_mirna_gdc_realn.bam	d69c3f25b57cc474e82b8b018d5c8126	269923842
426	cf9ceae9-099c-4ae4-86ae-1714b2466d3e	TCGA-CI-6624-01C-11D-1826-10_hg19_Illumina_gdc_realn.bam	4014289d7f458d8e1d624bdfeb77a278	22049702366
427	ab2fa160-539b-4ede-a11f-68510a18d80e	TCGA-CI-6622-01A-11H-1829-13_mirna_gdc_realn.bam	bc19a6935bdf0c15819013f6698f753c	244805332
428	fab5e216-8101-47d9-9cf4-229a435d0090	TCGA-CI-6622-01A-11D-1826-10_hg19_Illumina_gdc_realn.bam	6eca73f0baa143a0352565d3782e685b	17762453369
429	1adf2e02-c544-4966-8cd1-182e5517a50c	63e3f82f-f8fd-46cc-9257-15fe79cae5a9_gdc_realn_rehead.bam	c29f9ebd159b7a2e1601d5cc071dff02	7612434410
430	1910756b-10b0-425d-aea9-9d2dc707eb97	TCGA-CI-6622-10A-01D-1826-10_hg19_Illumina_gdc_realn.bam	ab649a92c9d32a679c174f120fce5bdb	31689233147
431	5efeba5f-8a15-4a80-9363-3b736923cfeb	8855f87b-5a28-4840-8f95-a70c3e25b13d_gdc_realn_rehead.bam	7c0c626dd60299202d55b1935216bc32	9844649620
432	15d90fa6-b336-485b-bdce-2004a4264bad	TCGA-G5-6641-01A-11H-1829-13_mirna_gdc_realn.bam	51f48ae2bd5633265847cc4fd9b9f618	326676204
433	d17ae848-c125-475b-9a23-56fe291a53c9	TCGA-G5-6641-01A-11D-1826-10_hg19_Illumina_gdc_realn.bam	3a105244102736c3d194ed2da785acc4	18426024877
434	68fbf907-c447-4423-9f1f-7d26563bfc2c	TCGA-G5-6641-10A-01D-1826-10_hg19_Illumina_gdc_realn.bam	85a5b59ec059ceb5b63147cfd52a7905	29592755187
435	d91f2c87-184a-4f22-89a8-f687cc720b34	TCGA-EI-6883-10A-01D-1924-10_hg19_Illumina_gdc_realn.bam	5722fb33819d8f8bb2c7e216e66f7cac	22217749471
436	10c30c5e-433a-4650-b3ca-8e4896b12111	669b65a9-145a-42f0-934d-ef4e7791770c_gdc_realn_rehead.bam	e66c35370db0edb9fd053338a3c75e61	8070221734
437	1e19d8c9-dd90-4a44-a0e4-00c3a8fe4376	TCGA-EI-6883-01A-31D-1924-10_hg19_Illumina_gdc_realn.bam	545058cc8a48e3b906baebe2890880a7	25107736225
438	3233e7c5-3d5e-4e01-a31a-4066dadc22d2	TCGA-EI-6883-01A-31H-1927-13_mirna_gdc_realn.bam	0490634b3fd61a6abef13496a244536c	181345488
439	a6e58f36-d1e0-4e14-8d12-195daef202be	78f502f1698bfd8dd3c293a390a2501c_gdc_realn.bam	a44a228ada2a06ecaf3a42e9a029bcc1	23435578057
440	0c0ce802-2105-4444-9c31-c74788b04611	37512470-50c1-493e-bdec-d4b7f3ac11d5_gdc_realn_rehead.bam	bc915ba6f02d3bfab235104ea2d814ff	1879749140
441	8442f500-eb75-4b26-9989-4324b3b00d80	TCGA-AG-A002-01A-21R-A076-13_mirna_gdc_realn.bam	1f79eb1eb806e355b761ab77d21340ed	36051296
442	3e69131f-fb85-4fe6-917a-2a895ec6cd89	55053ac9eb76fb3bb0aa3a123beaa267_gdc_realn.bam	6f7a6292b44f246d781243194977fed8	23879317928
443	48af88d5-023f-4929-99a6-d6a3f9039fdb	TCGA-AG-3726-10A-01W-0901-10_Illumina_gdc_realn.bam	2ae66d18138e4a0db78df47c44ada24a	29257005494
444	c7f9ac91-e018-4ee3-b751-8b14fb299feb	1aec6493-8d9c-4d57-af6c-e0f93cbd7e55_gdc_realn_rehead.bam	ef2f334fd3edbf72e7f33a9b595642d3	2098131441
445	3aeecde8-8ee5-44ea-a77a-4a12c9ddc0fe	TCGA-AG-3726-01A-02T-0906-13_mirna_gdc_realn.bam	bd3026684ac3d7de73805bf867dad337	42853808
446	4bc8d4b9-d735-4f0b-a929-04c58389ee42	TCGA-AG-3726-01A-02W-0899-10_Illumina_gdc_realn.bam	6898bfb1b41c4c0777760e4f2fd84ce1	35389136283
447	73e0267f-7949-4c87-b229-36e5e3f3f95a	TCGA-AG-3612-01A-01T-0827-13_mirna_gdc_realn.bam	759b033eaa74e5fa10b2951d2e71891f	91025763
448	a16ad35a-492e-4a51-8d05-76097a1dcf62	9d1ecffd-cf7e-4b41-b6f8-94ca5a598638_gdc_realn_rehead.bam	ce5a2d13b6ea53166769343d181bc5b3	2329437707
449	568883f7-4a9b-41fe-a04a-0326f59bf53c	755aa2a701748b2bafeb21c80a27a83e_gdc_realn.bam	271030d67f69ce590094fda0f1af4f19	31870476256
450	90140929-62fc-44e1-b230-95bae7db498e	21ec9932b6cabdabc5a5074305ab5767_gdc_realn.bam	7ecc8cdfc352c5b9e49dfdd20797c8cf	21799708687
451	ffb9d1e5-2484-4534-ba00-cde7fd7dab07	1d5d766c-3a9f-42fa-bbac-3fa59d7908fa_gdc_realn_rehead.bam	b000aa07c2d50f7bafd6297177e84c26	1978499613
452	5321c45c-19fb-431b-9cb0-73ac68ac92e0	TCGA-AG-3611-01A-01T-0827-13_mirna_gdc_realn.bam	1b10c10c26759c52fb01f087bb9aa12a	49977563
453	d0761e81-d5f0-4d23-b391-82f04a258ac2	6bf5ece0-9f33-4ad2-8b9f-9f0a170429bf_gdc_realn_rehead.bam	5e39f6b97e9b79e2c10eeaab1aa4db21	2333060829
454	5b15074b-e75e-44a3-ac8f-5912d1803182	TCGA-AG-3583-10A-01D-1989-10_gapfillers_Illumina_gdc_realn.bam	7686a05eab41ad39a6f783a2e5294ccd	5083887032
455	12e92aba-7e5e-43d0-b362-95da241d0fc0	TCGA-AG-3583-01A-01D-1989-10_gapfillers_Illumina_gdc_realn.bam	664ffb22fe6dfc0cbe56bea69e0bfc71	4973700646
456	114c3d15-f071-4d5a-a3a1-004f52c26f07	TCGA-AG-3583-01A-01T-0822-13_mirna_gdc_realn.bam	eed63534a6b45ff35205580d22c453fd	117997938
457	95e43960-65a1-4a90-91d5-d66206c37e89	75c43040-70ed-476b-8a28-0e7c5a79755b_gdc_realn_rehead.bam	a53bba57474c6633e97e07769da67b42	2980486854
458	523ca1b6-1cc9-4e80-93f4-ac27222f8d11	789558bd-413d-4d68-a1dc-93435ed53439_gdc_realn_rehead.bam	db69c19ab374c634d83a7ae9a2dc8eb3	7262508190
459	7ac46874-3821-4c7b-b85a-5e6bba79f6ba	TCGA-DC-6683-01A-11H-1829-13_mirna_gdc_realn.bam	fa36482b2d1912ba75013743a0e5a8e7	543282578
460	d16b8040-3ad3-4cd5-a287-6707223f26cc	TCGA-DC-6683-01A-11D-1826-10_hg19_Illumina_gdc_realn.bam	c0fd62247e15cb40eeccca064affefc4	18422295865
461	c8338726-9ce3-4819-821b-6c39034e1571	TCGA-DC-6683-10A-01D-1826-10_hg19_Illumina_gdc_realn.bam	e41559c67a7f57df33f37c82d1a28b9d	30069779984
462	e27f7b09-bc22-471c-a73d-8cba99997d8c	TCGA-AF-A56N-01A-12D-A38X-10_Illumina_gdc_realn.bam	cc240929e0aff90c8ac331116ab7c283	17253573604
463	492d4cc5-caf0-42ff-95f7-05d4fbbcc6c1	5cacc8ff-a046-4dbe-9a18-c0f964bd8c39_gdc_realn_rehead.bam	2ac3235433a0a004d1e76a860dad10f1	8622289175
464	bbf54943-a96a-4ec2-b3ad-4e452fe147d1	TCGA-AF-A56N-01A-12H-A39B-13_mirna_gdc_realn.bam	832f714c9a51a73461260bdcfd004446	140994400
465	0329cf00-44e2-47c3-bc05-71d8c6a8de99	TCGA-AF-A56N-10A-01D-A38X-10_Illumina_gdc_realn.bam	61cbc9df007adff586fe8f40591fbf74	17022068777
466	c1c5f3f5-6d3b-45c4-b4f8-ebc38c4862ff	TCGA-AF-6655-01A-11H-1829-13_mirna_gdc_realn.bam	246c38e103395c4c9a33fbc1048572e8	329819514
467	4f85ea20-5ba1-4e07-9066-eb500ba56d93	TCGA-AF-6655-01A-11D-1826-10_Illumina_gdc_realn.bam	f328ac663568d38d0c4eb09484912bbe	22378117877
468	704c41a0-2355-45f4-80c3-7a37ae745b6b	cffefa6d-9633-4680-83dd-80687b08c3b5_gdc_realn_rehead.bam	1576a53c89edfbdf97580ba9e53ef9a4	5060374567
469	724d08bc-146f-4733-bdb7-bd6ceb481b25	TCGA-AF-6655-10A-01D-1826-10_Illumina_gdc_realn.bam	b070154064014ac0fc9dfd71f5f50c9b	31941908935
470	a374a8b9-cc4c-41bc-aa74-92f7158db0f9	TCGA-AH-6903-10A-01D-1924-10_hg19_Illumina_gdc_realn.bam	49171be5732c52c7fb2776e1fdda90af	21678702071
471	6e0512cb-a209-4cc6-87f4-b6ce1956cda5	TCGA-AH-6903-01A-11D-1924-10_hg19_Illumina_gdc_realn.bam	b7aed9ea58852f410f3c43fae49ce09c	20410569662
472	039926ba-28dd-40b5-9567-d1186de37de5	99238af2-de29-4958-b585-d4cdbecd3d44_gdc_realn_rehead.bam	4d3a396f6877981304dc73614ee55ced	15047181627
473	34a2bbba-33e0-4a9a-b089-ce57b0af8eb5	TCGA-AH-6903-01A-11H-1927-13_mirna_gdc_realn.bam	4b5e177e569b56580ce1314183fbe5aa	143867814
474	25ec1cd7-6c16-4044-9744-c31240761682	TCGA-AG-3599-10A-01W-1990-10_gapfillers_Illumina_gdc_realn.bam	7d10024392f2abfe10ce517109acc043	6700240179
475	fae5496f-0833-4974-843f-88f5e86d831b	e64d7ccc-9742-466c-8e87-487ecfdf2ff8_gdc_realn_rehead.bam	4775276b3b958ed7226d9bf392f387bd	2735178277
476	6b744aa7-15fa-41c9-94a4-5ab5e68f272a	TCGA-AG-3599-01A-02D-1989-10_gapfillers_Illumina_gdc_realn.bam	c702848835f84962f34b93c1fb0ba89f	7002630293
477	fc73271a-a166-45a2-aca5-d7f44afe4406	TCGA-AG-3599-01A-02T-0827-13_mirna_gdc_realn.bam	ec43c89ffb61b19c2fe96d6c9483d533	200508733
478	65644170-e9da-4222-a569-813501b75432	8a19ad18-f83c-4699-a329-6a71ec91ed86_gdc_realn_rehead.bam	98cde72b52eea964acf9f20139603c34	7280454649
479	3aa48f9f-8861-4827-9036-41c313e988bc	TCGA-DC-6682-01A-11H-1829-13_mirna_gdc_realn.bam	cd60b6407fd7bb160778d21296db1cfc	258259442
480	1857f125-38bf-4860-bfd7-853aa2e7a734	TCGA-DC-6682-01A-11D-1826-10_hg19_Illumina_gdc_realn.bam	ca59aa18823e5dcf6cc9f5c905b15de0	23477395604
481	f2cac8bf-ce87-470f-9772-375ac503cee5	TCGA-DC-6682-10A-01D-1826-10_hg19_Illumina_gdc_realn.bam	8aea7977a2f5aa84a87d5e852bf0ab00	33881280638
482	1a4774c7-5a03-4a20-a104-47300199edaf	20ec28d74af70f4435ea6c498e9af9c9_gdc_realn.bam	6ada49bcb3e412f8b2b1330f626f5f07	22465434555
483	d137bffb-2f99-4789-9c1d-51dfd0653f0e	4e8e2d69-1498-45c8-b761-65fe62cb9cd5_gdc_realn_rehead.bam	e08acf36a117028be3bc9db1df34e591	2389338578
484	1b561102-64b0-496d-997a-87a2a4d9792c	TCGA-AG-A01N-01A-21R-A076-13_mirna_gdc_realn.bam	d0f7998f1d3abcea54f427fa49c1a967	78982003
485	4ce2cad1-2bcd-447c-9cc6-d09c081aee95	edfa700d2b6c9efced709d7ec52a2f65_gdc_realn.bam	9bdc92a81aea43439d82725e69dc0287	25389043923
486	202e6006-90a6-44ac-9310-c396431850a2	TCGA-F5-6702-10A-01D-1826-10_hg19_Illumina_gdc_realn.bam	d35da701d0915d00c58b3a45343f12cb	30898109214
487	8c780851-031c-4603-8f30-e0e9941d1f41	e892d5ac-06bf-4202-a663-407443f50df5_gdc_realn_rehead.bam	31c9dd9a42c2407320169059e36c26ee	8891901954
488	d48b809b-3263-4701-8657-4cbb16b6fa1d	TCGA-F5-6702-01A-11H-1829-13_mirna_gdc_realn.bam	8f8f772a1a233f4df630ee781f8346be	412730450
489	e6adf546-dde3-4db9-818a-096f7a96c882	TCGA-F5-6702-01A-11D-1826-10_hg19_Illumina_gdc_realn.bam	07e154678d1de557b2530bef4ec69904	27432469610
490	7de6bf6f-a5b9-4eb3-aca1-c72070c6f897	TCGA-AF-2689-01A-01D-1989-10_gapfillers_Illumina_gdc_realn.bam	72670d51c4f2475c23630cee205612b8	4502128646
491	97e8c62c-e140-4b42-8cdd-3ee16ac730d5	TCGA-AF-2689-01A-01T-0822-13_mirna_gdc_realn.bam	d63df10cc3d9b4b32b61d1520eef9fc1	50683183
492	aff3c38b-e767-4a3f-b1a4-0b49a64fab99	TCGA-AF-2689-11A-01R-1757-13_mirna_gdc_realn.bam	029e7f125ae146b2dcfc37658d9a0c01	82259967
493	f69b6091-150c-47e7-a606-c7d4e92eed57	b7189b15-e91f-424c-b69b-95dce9a07d9c_gdc_realn_rehead.bam	f5fc3244131297958452d924253d29e3	8521293349
494	d79623e8-5894-4341-8014-7bc041cbc5e3	TCGA-AF-2689-11A-01D-1554-10_Illumina_gdc_realn.bam	f841a0caca2741b6d46eee8d7a8eaf1c	22272370853
495	67976b6b-4f96-463b-9b13-d7985f56ebd2	TCGA-AF-2689-10A-01D-1989-10_gapfillers_Illumina_gdc_realn.bam	ba2218ec0d0066dc5c385a79fae437ad	4870199888
496	5c7a76c0-c1ee-44a4-9a08-8ea5601b337d	TCGA-DY-A1DG-10A-01D-A152-10_hg19_Illumina_gdc_realn.bam	480ae842b0698910fce0a1ac018320a3	28328912295
497	796be783-1819-4ecc-a9ee-a366572ac48c	TCGA-DY-A1DG-01A-11H-A154-13_mirna_gdc_realn.bam	6e484a9434647140131c313452316798	192231912
498	66f34e91-c1f5-4763-baf6-e8509ed1db5a	TCGA-DY-A1DG-01A-11D-A152-10_hg19_Illumina_gdc_realn.bam	2996ed404bcde50bb23aa7ff5caeadf5	23516461437
499	c491e261-f808-48a1-b137-e133b6358f5c	3b8577f9-b1c9-4ed8-8d7b-d94bf7906ae6_gdc_realn_rehead.bam	fc6c1f985cc62b9a21470ed337876e47	7164154667
500	882ba01e-c1b2-4e95-b09f-eeaec102d919	TCGA-AG-4001-01A-02T-1120-13_mirna_gdc_realn.bam	50c81d243c9be10f09c039402f64b3b1	77932226
501	5e07c68c-2ad8-41ed-80d0-46332a4f2ac4	dcf5272b-3176-4b06-a169-aa82ab72fbca_gdc_realn_rehead.bam	770423f9cf233995207ba40a55b0d4e0	2480374675
502	454157b3-78b8-4da4-bf74-b45addabcb85	e7cbcb59b09fa2362abba7d6470184ab_gdc_realn.bam	ce3b32b0c973c1b9c3af3e609ee236b9	31562173041
503	cad67cb1-39df-4576-9d82-cec6605a180b	939fb34e6145c30c77ba0f36e4fda8e1_gdc_realn.bam	61518e9d34398f46726500da72aa5716	90240311593
504	cf0b0428-c584-40dd-8463-886fd0c5535e	TCGA-AF-A56L-01A-31D-A38X-10_Illumina_gdc_realn.bam	1de1bec961d948406a637d5a174b2988	15481513427
505	a429e723-ede9-4e2c-bdf9-60ab63211d2f	4a449c01-d548-4b28-90c4-5102dd9348f2_gdc_realn_rehead.bam	195d74b75fccfbfe0148f6dd3b66c203	7996829772
506	7a63d52d-5f12-4b3c-8600-d0c7e262703e	TCGA-AF-A56L-01A-31H-A39B-13_mirna_gdc_realn.bam	5b9c2f6958e9021fe827dbfb0a9d2e6e	149433813
507	5ca55636-557b-4373-9d40-57e6cde39b2c	TCGA-AF-A56L-10A-01D-A38X-10_Illumina_gdc_realn.bam	b505090cb0ec88182b193efdaeefcf58	15858426519
508	12d07de2-9652-48a0-8f0a-876dd64420bd	TCGA-AH-6544-10A-01D-1826-10_hg19_Illumina_gdc_realn.bam	04f4d1b7db7fbdd21e037b1a76e3c087	30532607590
509	f280db18-74de-4f3f-b2fd-bfbd0d8f763c	10264014-4659-4f0d-96c9-c90676f9ea6a_gdc_realn_rehead.bam	d1467f9b5965d0ff9153624b3a3f057c	6121063697
510	bbf67fb8-50f2-462a-82e4-1d44f693dcf1	TCGA-AH-6544-01A-11D-1826-10_hg19_Illumina_gdc_realn.bam	f674511ef119a27b1ef3c2c48f99104e	20431539767
511	3855009f-b636-4ce0-816d-6d19dbe669fe	TCGA-AH-6544-01A-11H-1829-13_mirna_gdc_realn.bam	db10dd2ccf44f40e5634f12e642f1e59	212073689
512	2a1c4361-b608-432b-95dd-e2e4a01fd140	TCGA-AH-6643-11A-01D-1826-10_hg19_Illumina_gdc_realn.bam	702e33f3903c1f623a55557426e1360c	29199812060
513	d7413273-71d0-4173-a8f1-b9312d4b383a	2e12a83d-7346-4e1c-86aa-ac5c2393b9fa_gdc_realn_rehead.bam	7b596cdec6e906070fc08378b2272718	5733634797
514	5e128333-43e0-430f-af08-b9fd0d098f5e	TCGA-AH-6643-01A-11D-1826-10_hg19_Illumina_gdc_realn.bam	1630a5389b2261c2decbbccaad9afa2d	22275510074
515	8d058245-1006-45a4-aaee-5ec40948d36e	TCGA-AH-6643-01A-11H-1829-13_mirna_gdc_realn.bam	041394f890d4c93f2908e33ac20fd124	246648520
516	64659d7d-b688-460b-b0aa-190e389e6676	cf63dc30-224c-4bfc-b507-1b90a560da05_gdc_realn_rehead.bam	4ecee16ed941616cde66b047eb025f77	7468705876
517	7d7d7255-5e0c-47d8-be9f-23daab5155fa	62ed1287bf786cfa6f970fda8acafc75_gdc_realn.bam	043f173e621677ebf84863c04d54c79d	19581278051
518	1aaecd6d-1496-4684-aff9-e90cfc108a34	TCGA-AG-3894-01A-01T-1120-13_mirna_gdc_realn.bam	6a6553df76249887deff7ec86ba39928	64979326
519	66b56c84-fb00-4e46-b23f-e6e4d2cff38a	767f7e61-8fdf-4fd7-925f-e69f28d35865_gdc_realn_rehead.bam	0042fb2c353d1a75c0c0961472896c68	2162486303
520	53913999-bc90-4aac-9d5e-d7ae4b5ff772	280f2631b737a1ac8b0acc4cf5a1d72b_gdc_realn.bam	2c7012a730d225d5c9f3204b9d0944fc	22989415788
521	baa45e1a-1420-430e-b7db-d87261711ac3	1d88d8ec-28f0-406a-862e-6a30c2696406_gdc_realn_rehead.bam	ab296a7ed79be77f43bcbf1be152abed	2042939091
522	2671c170-776b-45d9-978b-767b40e9aaf3	TCGA-AG-3586-01A-02T-0822-13_mirna_gdc_realn.bam	e35393513acff2bce7c81f1dd2421cf8	85245876
523	b961a0c4-370f-49a2-8729-a10284de58c5	TCGA-AG-3586-10A-01W-0831-10_gapfillers_Illumina_gdc_realn.bam	479573a257ae2c90f1a9a5022272e7e1	5482290188
524	c99ce566-0135-4c12-b548-56f4bfb33e56	b335953b-3e37-4060-8fb2-77363f91681c_gdc_realn_rehead.bam	247a7d28e921c6c05a4fac9d284aa0f7	2556303330
525	67a92b1c-cbb5-44ae-b361-449c531b9f3c	TCGA-AG-3598-01A-01T-0827-13_mirna_gdc_realn.bam	bdf3164af7b5ef6d1a02d9958d94b5a2	63004060
526	470ca13d-52be-41b8-b966-97b3fe33ccaf	TCGA-AG-3598-01A-01D-1989-10_gapfillers_Illumina_gdc_realn.bam	f5b1129a65c55c01d22dc5e7b125f2de	5075590629
527	35fe03dd-d7f1-46ee-b9d1-ff0136154bef	TCGA-AG-3598-10A-01D-1989-10_gapfillers_Illumina_gdc_realn.bam	47f69824a55f539990b973b4fdf87a42	4108051607
528	c19847a4-a46e-4223-8778-9a907f67587d	TCGA-DC-5337-10A-01D-1657-10_hg19_Illumina_gdc_realn.bam	d23ea19e51df19514ee5e0bad4beeef1	43758882607
529	13b3bddc-29b1-4c3d-95b7-8d8e21b2ad3d	ab816440-a235-40e6-a0f9-da691a78b687_gdc_realn_rehead.bam	d779bcb16eddeea419cf6d1cdba76ff7	5733972343
530	75f4e673-b01d-4b94-9dd5-7328012c121f	TCGA-DC-5337-01A-01T-1659-13_mirna_gdc_realn.bam	53a7bf4dc530f4c448220354f83b55fa	275290462
531	e5cd314f-e2f7-4f2d-9110-c6ca25f98ea6	TCGA-DC-5337-01A-01D-1657-10_hg19_Illumina_gdc_realn.bam	d7801979e7cede4e45dd63bb8aed4729	31773038011
532	f9a83975-e7b9-473a-9f8c-e398348e54fc	d1102b145fb1e87c00a2bf7669ecc2d4_gdc_realn.bam	7e4ed5a14383b38d4fb956fba029f43b	30730831216
533	e3167ed4-da26-4786-a854-03edf768a637	8547764c-1dd6-4bd4-a9bb-7ba753d1244d_gdc_realn_rehead.bam	5e3d6260b33c6decaed9904a213d38e4	2382746022
534	79a4be20-fb85-450d-9b44-f33bfdb298f8	5af001cf283c8fabd22a05327ce87e30_gdc_realn.bam	b9658b786ea92a8e7ff6ac08ff0f4995	31206781425
535	cbe25809-e20d-4d94-a028-cb7d32f73406	TCGA-AG-4007-01A-01T-1120-13_mirna_gdc_realn.bam	0c1c57759fd130475718ee6831d5e514	81317743
536	7f8fad9c-f810-4e5d-9fe5-3169c04c877e	4ea8c38f-920b-4bd9-bfe7-40c236b4b58e_gdc_realn_rehead.bam	0817085ea08b8ee3f0630468cb80695c	8684766980
537	31ad05ba-62eb-43f0-aabe-b149b9ac3494	TCGA-AF-2690-01A-02T-1735-13_mirna_gdc_realn.bam	97532cca3d5fd8fb7842b84f451347fe	223903379
538	f4cba521-425f-4cd5-af49-24e5eced7536	TCGA-AF-2690-01A-02D-1733-10_hg19_Illumina_gdc_realn.bam	c5b3781689bd7c1f6355fc49473815b5	30236874430
539	26b69f1f-741c-4c4d-876d-dbb75f6d966f	TCGA-AF-2690-10A-01D-1733-10_hg19_Illumina_gdc_realn.bam	36fde47a9d6e9b95d67dee6cdc084929	39658342823
540	f7c18a1a-ea2b-458f-8a08-14b6ed2bab4a	fc18b7cd-6273-443e-810f-561a56dd67eb_gdc_realn_rehead.bam	b66bc16579e3abfc82f127aab1d9f482	7451326788
541	5b3d9bfd-9505-4204-8759-5817a14c8f63	TCGA-AG-3731-01A-11H-1735-13_mirna_gdc_realn.bam	8a29175a6fc2b1d60d93e2b360983cf1	286825140
542	4113c67f-7908-4212-ae41-240621710388	TCGA-AG-3731-01A-11D-1733-10_hg19_Illumina_gdc_realn.bam	90d5fc0c31ae7a656dfcb2f89e08bacb	33595123027
543	59cca48a-acfa-4117-b28f-ba34024d88c5	TCGA-AG-3731-11A-01D-1733-10_hg19_Illumina_gdc_realn.bam	d128975ba2816d1720f3d05c11d0303f	32100030684
544	e5de35df-653f-4d8b-a0c4-8d98454a81e3	d9b96ba5-8179-47e8-bc02-b9df46157645_gdc_realn_rehead.bam	17e5b72324147bf77009d8c1460dedb2	9739091086
545	9038332f-0e2c-432d-8145-dca28adf14e4	TCGA-AG-3878-10A-01W-0901-10_Illumina_gdc_realn.bam	22f5537ef5d98569a60d0295940f90e4	31982454785
546	e2ae3e26-acaf-45f6-86ac-4c9aaea272b8	e4a9db1d-3380-4674-b9ee-776eb0fda8c1_gdc_realn_rehead.bam	16434c0ec228ff039263663273de6229	2809650591
547	6f264393-6870-434a-9021-8e014a4b0a90	TCGA-AG-3878-01A-02W-0899-10_Illumina_gdc_realn.bam	227381cf2780ccfd2c36c5e727c286cf	30779822277
548	8e77399a-a11c-46ce-84a0-a38e39088f5e	TCGA-AG-3878-01A-02T-0906-13_mirna_gdc_realn.bam	62a769ce66dc372596cc7183cce6cdc9	40198482
549	7f725c6c-5d84-47d9-a5da-9a87d4f5e13a	TCGA-EF-5830-10A-01D-1657-10_hg19_Illumina_gdc_realn.bam	c46553c283d66e3ef8427176bc51f3eb	38767912352
550	bc339eab-9337-42d4-9f3f-1a9e81e4e7dc	TCGA-EF-5830-01A-01D-1657-10_hg19_Illumina_gdc_realn.bam	47fff6cc9113341a17afe48411281d52	34268477295
551	76230cc5-0da8-4f43-a7b7-cdaa0bf86f72	7ad89704-da2a-43b8-9cc9-774822fe107e_gdc_realn_rehead.bam	c4fe85b31c455ef45bcfe71bde954bbb	7167748143
552	c84b4fa8-d64f-445c-9d52-9e3ba27fadd1	TCGA-EF-5830-01A-01T-1659-13_mirna_gdc_realn.bam	4de75e645050217047c0e91f0aca068e	222473639
553	20d126f9-456c-4114-b885-6ea3fab14c4a	TCGA-DT-5265-10A-01D-1826-10_hg19_Illumina_gdc_realn.bam	101ea53376280d362aae9faee68ba387	28355170877
554	eef3089a-6ded-4b89-825e-4cb97d3e9a1a	22394900-8961-4c87-9761-63334b2de169_gdc_realn_rehead.bam	33c3ba3b74cc12c026ba3dacf6343120	6296778343
555	b62905b7-db22-4ccb-a3ef-b7d0faf0f824	TCGA-DT-5265-01A-21D-1826-10_hg19_Illumina_gdc_realn.bam	425869cb3aa88d97d0c67915edda7ab9	20148477071
556	6ad97ed6-ff60-47fa-9f9f-ac710040514a	TCGA-DT-5265-01A-21H-1829-13_mirna_gdc_realn.bam	54bed3332f7882dd3fb21299d45e641a	104292534
557	08b71bc1-d0ba-4b9f-9e4d-2e2145ed8542	3214c80d-9ffb-44e3-91af-1f88b29ceab9_gdc_realn_rehead.bam	47bd2afdd29fc7e9909f357a07dbaf4e	1709001525
558	4ecf3da3-e025-49fe-8cdf-5ad2cbd7211a	TCGA-AG-4008-01A-01T-1120-13_mirna_gdc_realn.bam	d87ff7cc15d04356a400b95e5405538c	67185535
559	a25facb7-c2fc-401c-9bf9-32184ee2f9b7	85f3efe6db792b654a1fd759bf15954c_gdc_realn.bam	d8852822951f11e3491d0442d08149f0	29519319370
560	470bc664-eea4-45d9-9a07-199f547bc504	bf50816e82f4554c63a8c133fa743006_gdc_realn.bam	f8f6a58834c2f8f14d54b9f734388f52	27831558746
561	d99f0baa-c2cd-4e8f-b656-df561eb5d590	TCGA-F5-6810-10A-01D-1826-10_Illumina_gdc_realn.bam	d7cee9524426c27c5e33ea6c358054f0	14813200124
562	85ba5f54-8931-4c50-b58b-49846dd77113	9f8d3ea5-e4eb-4dcd-9c86-f4b66346e20e_gdc_realn_rehead.bam	e8d1786e929422833d6da8749af5bcd1	8041150100
563	2a43adc9-5710-49f7-8a67-667cc4563124	TCGA-F5-6810-01A-11D-1826-10_Illumina_gdc_realn.bam	e1db9d415def9ba0d3083766929d0250	36411577677
564	0d41e3f2-e25c-45ba-9176-e29838195500	TCGA-F5-6810-01A-11H-1829-13_mirna_gdc_realn.bam	d5ffd75b97e0170201f12b273997623f	302135510
565	c12a9d11-54ce-46eb-8af8-fc485f2d6741	TCGA-G5-6572-10A-01D-1826-10_hg19_Illumina_gdc_realn.bam	34867ac8c0014822656e65afab3a5425	23878216207
566	b9b0560a-459b-470c-b9f9-267b48898415	TCGA-G5-6572-01A-11H-1829-13_mirna_gdc_realn.bam	e2a1e7378e056c06509a148fb8909800	325404592
567	2e260c6d-51b6-4b3d-9e6a-8407dcab79ae	12a23ae0-a818-4f67-b5ad-e62509102d94_gdc_realn_rehead.bam	4f6283b4a42bd7d4ae8578f92ab59077	7758627139
568	cbb47a2d-7da3-479f-82ae-3d3b6a029288	TCGA-G5-6572-01A-11D-1826-10_hg19_Illumina_gdc_realn.bam	024c55e038c6c4a97923741348ea6ada	22085535484
569	c797700b-482a-49e0-8a1c-0159620c93fb	TCGA-G5-6572-02A-12D-1826-10_Illumina_gdc_realn.bam	dc5bff2e6fc1f136b456fb602f652a96	20730239298
570	73f16b07-863a-474f-8caf-18bab99e9da9	8917e05e-9f69-4f31-b927-ec930e4059ed_gdc_realn_rehead.bam	9305a9a39b7f1e7868742158c50a6bf7	8379803932
571	29fe777a-1a1f-4e94-821c-a3a94cef8ab9	TCGA-G5-6572-02A-12H-1829-13_mirna_gdc_realn.bam	99414cea528792fe8547e78ad874fc46	182044564
572	704bd6b8-6ff2-46fb-a4fe-6c435626b876	158a71efd104e1e2389f5c8d348f84e9_gdc_realn.bam	40cc4f7f30f0e06466b33ffd7a30e53a	30976676698
573	920c03b2-3376-4c03-a865-04b1bb8a0aed	e36bd3b1167d8017a7d686b1f928842f_gdc_realn.bam	5ead66c09f875826d956be9d00443169	31331778007
574	a83ce776-d464-4f80-836a-c1c7c5740894	TCGA-AF-2693-01A-02T-1735-13_mirna_gdc_realn.bam	dc14dfe6f83c131a1e109661b43cf6cf	134823980
575	95e91400-a892-47b5-a0f0-c7bf0159348c	02fb1f7a-1db4-4a74-927f-4354b74fc803_gdc_realn_rehead.bam	f741563cb2778ce6d24a5b888a0eceb4	7427333984
576	2b6ca5b2-de06-4ffa-8579-7c16f08d9fcc	TCGA-AF-2693-01A-02D-1733-10_hg19_Illumina_gdc_realn.bam	88c232b738e261334f028f0c1b661133	41235117078
577	c5727fc8-2273-43f4-b335-dd2b53e8aa67	TCGA-AF-2693-10A-01D-1733-10_hg19_Illumina_gdc_realn.bam	50051f38d6115defbb7289dface5a4d1	34046480660
578	69d83713-5a22-4b8c-89f9-832998b6db35	TCGA-AG-4021-10A-01D-1733-10_hg19_Illumina_gdc_realn.bam	03ddca54eed2abe3053112fa1bac6eb5	32973174243
579	5fab786f-5d1c-4e0f-b478-1012ee07b484	TCGA-AG-4021-01A-01D-1733-10_hg19_Illumina_gdc_realn.bam	3023123b6cd3afeb75548d000f0cb2d4	27107256095
580	93be2945-a8ed-48c6-8835-0d4c2f007334	5451e137-26ed-425d-9204-a5b81d33f767_gdc_realn_rehead.bam	a62857f19f1f7591811cf40b5e6186ff	8079736891
581	56f0d96b-9558-4d4a-a06e-58f89e5af3c3	TCGA-AG-4021-01A-01T-1735-13_mirna_gdc_realn.bam	55dae1f767cabf6ec0a54f04d80f1d42	415448430
582	aac35779-4af6-4ed7-b581-d1fca0a0ecbf	TCGA-F5-6812-10A-01D-1826-10_hg19_Illumina_gdc_realn.bam	4a6a2244922b1e2b62ffde48f4ef7d33	21127195084
583	15b3b23d-9035-4308-8b3a-146794c19348	TCGA-F5-6812-01A-11D-1826-10_hg19_Illumina_gdc_realn.bam	416de8420519a460ab88bf5a1b1839a8	24584008276
584	934cb1d2-6ad6-4b28-88a4-899285979abe	TCGA-F5-6812-01A-11H-1829-13_mirna_gdc_realn.bam	756aa5a1a49e2237cc2ffd68fa3b22b5	370761965
585	574c4afe-e6ad-4d86-aa7b-31eb92a48664	a61275c1-fc27-41cb-bf18-ac350c908166_gdc_realn_rehead.bam	f7136ee97d548286a178ac2cfedac1ae	9363764929
586	3f35a22a-df78-4e2e-b57f-70072dc0d030	TCGA-AG-3574-01A-01T-0822-13_mirna_gdc_realn.bam	883b7b89444f22d876764b4048df581a	60221674
587	10d5994e-1f27-475e-95b9-86dcf06f56a0	TCGA-AG-3574-01A-01D-1989-10_gapfillers_Illumina_gdc_realn.bam	8a566d60f478a2763349cdcb0431dc24	6123195113
588	06826880-3e73-4e50-ba02-5d7f09418a40	2e928811-ef22-432f-a4b7-ddb948312972_gdc_realn_rehead.bam	b93d1ba3772c5608f23733d2b8b1ac6e	2738654687
589	0ee3d529-a972-4ddb-9fa1-b8c8f0b26684	TCGA-AG-3574-10A-01D-1989-10_gapfillers_Illumina_gdc_realn.bam	fdf1311ff52b9871a47531e76463cf6a	5488190618
590	2fe2aea0-86e0-4ced-8e5a-c29aeaabefa0	TCGA-EI-6884-10A-01D-1924-10_hg19_Illumina_gdc_realn.bam	f71c0fd797afbf9a879a4491a55fafd6	16558592427
591	dae38208-8cbe-423d-b9f9-1b3dab9fa26d	TCGA-EI-6884-01A-11H-1927-13_mirna_gdc_realn.bam	2843da4be05c4cd4f4f75ab72094c084	130747066
592	750866ac-7c67-4866-b7e0-e72e1a0a1595	c7d153ce-b19a-415c-8f94-1cccd2fc124d_gdc_realn_rehead.bam	91908dfce1f29d8430f8b3adb3dec8f1	7538749141
593	cf042ff9-4d84-4f66-9b02-56759d675ae9	TCGA-EI-6884-01A-11D-1924-10_hg19_Illumina_gdc_realn.bam	e1d0db8e5a283ead94220171293567d2	22567695589
594	4d30d984-02f7-48f2-985d-55712afb3ce2	TCGA-AF-2692-11A-01D-1554-10_Illumina_gdc_realn.bam	f0d57f45a6b65e266dfa6e422f680f54	23166070228
595	31f7fb2d-7ec1-4719-9f95-dbca8b338d5a	a19b9218-8c81-45cf-ad38-676c10808d70_gdc_realn_rehead.bam	ffa1faf7f597007f8bd51f6fb3ddd8d3	9774706631
596	c69b8ce7-aab2-4f33-9234-b51bab2e754b	TCGA-AF-2692-11A-01R-1757-13_mirna_gdc_realn.bam	89a32efe42a9e99ad7f0dac96b1e2f86	50960899
597	d00cb8a9-4f77-458d-b89c-12be6e73a742	TCGA-AF-2692-10A-01D-1989-10_gapfillers_Illumina_gdc_realn.bam	3695c56bf780aed66aea16e9c1522b82	5323646864
598	b91b6681-d6ab-4395-90a9-3d3ae798306e	TCGA-AF-2692-01A-01T-0822-13_mirna_gdc_realn.bam	b7ac916a1fcfcc2da6af8f981c36eaff	76792258
599	62051b0b-7177-4953-94c1-6e555fe2deb6	b3fdd605-4766-4506-8031-dac7a0f4d0f5_gdc_realn_rehead.bam	f5df084161e78d01f1dc543969d7e2df	2080472934
600	cc980b52-912f-43a8-88b0-cfc2edf9b48b	TCGA-AF-2692-01A-01D-1989-10_gapfillers_Illumina_gdc_realn.bam	7df136ddb0decb88145870558eacc1e0	6392550921
601	d3265c32-bb56-4c4f-9576-2bb97696d9cf	TCGA-AF-3911-10A-01D-1733-10_hg19_Illumina_gdc_realn.bam	7e5ce100bdd652db92f3b86c37456c75	30936039334
602	63c49e91-09c2-4914-920a-528575e6a5f9	08f56178-3fe2-4f1b-bfa0-2b3f123cd3dc_gdc_realn_rehead.bam	a0a640380a0c772a24242d6a366f7358	8905595774
603	ce68ce68-286c-4af4-9fb6-8bc9318ecf87	TCGA-AF-3911-01A-01D-1733-10_hg19_Illumina_gdc_realn.bam	b6065f1b137121a5224ee640c747e6c2	31515942667
604	532d6511-3ab0-4a3a-9b18-6cb3d64ce1ed	TCGA-AF-3911-01A-01T-1735-13_mirna_gdc_realn.bam	69dc6b2f387f300a8aaff38161409d42	350039181
605	48cefe19-d8cd-42bd-af37-a5bd3b6a8174	TCGA-AG-3594-01A-02D-1989-10_gapfillers_Illumina_gdc_realn.bam	5026b657d77496ad4a9ad80fbaf07551	6538615634
606	38e0a584-3371-4c71-84fd-8e81a0803e36	TCGA-AG-3594-01A-02T-0822-13_mirna_gdc_realn.bam	727d5b7e45785784f86aab1d72be65f5	31433639
607	90ffe88b-f3a7-4c8e-b4e8-91b7e4f9e8c9	44a190e6-226f-405e-87e9-49def0640ffa_gdc_realn_rehead.bam	c58a456228c3dbb55b476bd36560bb21	2076217069
608	54feef71-40ae-4a82-9146-7790f2273167	TCGA-AG-3594-10A-01W-1990-10_gapfillers_Illumina_gdc_realn.bam	d939a935f944b571f484f84f017154a2	7184300722
609	94d20ffe-07ec-4ba8-abf4-c7fa42fba74d	TCGA-CL-5917-01A-11H-1659-13_mirna_gdc_realn.bam	305809a9e836d8e32626cf0a19f2a591	150073495
610	ca6b5662-ef75-41e3-859e-033d4a985770	TCGA-CL-5917-01A-11D-1657-10_hg19_Illumina_gdc_realn.bam	c95bb1aea1464ba9a62ff0a052665988	31078868974
611	cecf29e8-c077-4deb-b2a7-91a5177fabec	2800fd29-43f7-4447-b39f-380263fb584a_gdc_realn_rehead.bam	d212738b76006ec1f82499e889900acb	5788288285
612	a2afbd44-d387-4c8f-b5f2-6e8bc237b550	TCGA-CL-5917-10A-01D-1657-10_hg19_Illumina_gdc_realn.bam	c92aee71b814f33bf4aa56d190e15468	21950062401
613	87492957-0e60-4441-a388-0b7973180dfd	TCGA-EI-6917-10A-01D-1924-10_hg19_Illumina_gdc_realn.bam	b038036c61a52a5dda5798e9d26b9752	21575322263
614	4fcd18dd-13c5-4809-85c3-803fb1fe6a74	60613ca4-27f9-4578-a265-09b089027d8d_gdc_realn_rehead.bam	cc26cf47a0fb3520f1806982c110a66b	9128853028
615	06d2fc41-db96-4386-98ab-8e5e3e362a43	TCGA-EI-6917-01A-11H-1927-13_mirna_gdc_realn.bam	f8a1b78700d3ee5695eb71c4f02ce635	220045695
616	fe9cae46-be91-4f7a-bf36-8be7482e7488	TCGA-EI-6917-01A-11D-1924-10_hg19_Illumina_gdc_realn.bam	4eb1dae155760ba6352ecd1f6777521d	17600165270
617	8357059a-69ee-4d96-90eb-4c0952f2740d	fbe28ae2-e7df-4f14-b20e-9ed583772a22_gdc_realn_rehead.bam	8b434b0992f477fe9ccb5192d9fd92a2	2376876737
618	6707cba7-f363-4012-bc01-0ab1e13a8a97	bc1f2b5c8b404dced5e000518e190b56_gdc_realn.bam	95a257af6226e8583475a3b6a7069245	38499952857
619	72542b21-6e07-44fb-911e-0ed1fdf2e959	5a2fc3cff17d5c2f17da8a8cd0ee82bf_gdc_realn.bam	1773a3bdefa2a3a7ed477a591e48190d	24741369317
620	fe26af74-8bb2-4d62-8579-b2977a7a893d	TCGA-AG-3725-01A-11D-1733-10_hg19_Illumina_gdc_realn.bam	4f9af66d5c7be951111c7585df3ae8a0	31870559589
621	d3673eef-0654-49b8-af31-a216a0f9c0f2	96079f3e-5b70-4a94-9dc0-ffa86ea75f79_gdc_realn_rehead.bam	f0628567a892ec461dd623296dc69f8b	8429210752
622	16f4e1c7-8dc5-4820-aaf8-2480a1824d8a	TCGA-AG-3725-01A-11H-1735-13_mirna_gdc_realn.bam	3faad4569f02977c1222da17dfc293f7	418881515
623	5d0074d7-522f-4292-b7fd-19729f632756	TCGA-AG-3725-11A-01D-1733-10_hg19_Illumina_gdc_realn.bam	8bb46a8fcd9ed0529b4135c5c516e763	35589664607
624	3b0aa6d1-ecc2-438e-ae1c-5b2e8d4cb0ee	304c93b8-5dbc-4621-a4b0-88576e3451ac_gdc_realn_rehead.bam	6d45d09cb91e7a18b5a78996ab7b5d1c	7327013953
625	1585ffc5-155d-4d74-b1ae-52be83d28275	3293a10e-e115-4333-bc24-21a01f760ac1_gdc_realn_rehead.bam	e4594c8f8488d1871c298da7145772aa	7139755690
626	a0e7e9af-ed89-4775-a639-5b28e61ab60c	TCGA-DC-6154-01A-31D-1924-10_Illumina_gdc_realn.bam	e6ad4077250fa32eb0a002ca7c360045	18954761383
627	47de4987-046b-4392-99a4-615aa2279c2f	TCGA-DC-6154-01A-31H-1927-13_mirna_gdc_realn.bam	34d1c5b1bd73b56df9994b52e6a8ad32	178648608
628	5e215912-c6e2-43aa-a72e-52b61ad00322	TCGA-DC-6154-10A-01D-1924-10_hg19_Illumina_gdc_realn.bam	73115bb4fb635598babfeed75c05c4ac	21763152133
629	8aaffc33-af5a-4f92-a484-7d1b005252ec	TCGA-EI-6510-01A-11D-1733-10_hg19_Illumina_gdc_realn.bam	688f7a2bceb04cf57a7ab45be64abd9d	37138839963
630	1de71f65-694d-4856-96a1-c769b4285221	TCGA-EI-6510-01A-11H-1735-13_mirna_gdc_realn.bam	00ad6898061e6958fdbdb9ac9eaa3d54	118485537
631	4446716f-467f-470a-a453-7410a1eab04b	9f646351-ac86-4f59-8071-3afcc9212546_gdc_realn_rehead.bam	4bb595f2066e97a4a2f035ff18cf76ab	8427075494
632	4ce7b9db-4883-48c8-96c0-6a590db0796b	TCGA-EI-6510-10A-01D-1733-10_hg19_Illumina_gdc_realn.bam	42cdb4bbbb15d60a3c701a515612c106	27698656196
633	bafeda26-14d9-40bb-ba6a-56bf556b0989	TCGA-EI-6885-01A-11D-1924-10_hg19_Illumina_gdc_realn.bam	e3d7154f991ab341621442f52c2f083f	20942967789
634	88065523-5e2e-459c-9864-252db22ac374	504d81b5-433e-40e6-b2cb-6bb2304775de_gdc_realn_rehead.bam	1fe9a82479bf2de23537a44caa024e91	9958643288
635	df3fb5de-0720-4a6b-90a1-423a9ce2bc0a	TCGA-EI-6885-01A-11H-1927-13_mirna_gdc_realn.bam	f4e1ca1a8e8d0008027e2c5dfd2b1410	206284587
636	781724d8-d244-4280-9876-e67e508cfffe	TCGA-EI-6885-10A-01D-1924-10_hg19_Illumina_gdc_realn.bam	2cef56e8d413644181a5bcc57c7c950c	25115439473
637	13cccacc-d89c-45db-8bda-21bf9150ce49	6812831bf48c596571c95571bc1b8c0d_gdc_realn.bam	5b11588eeadd09bb94ad0be40145b0c5	18681980917
638	75477202-ed79-4281-86c0-35fc4ae6e33f	c9eafc6d63d2cf44ed51b2641b199fbd_gdc_realn.bam	6ff3f8e682aa399e1d042e48a34f4a41	25774962491
639	0b2e5ffc-3a7f-4178-b0c7-c63c55ca91c4	7ca2f8b0-394d-41ea-bc8c-57ac2fab8dcf_gdc_realn_rehead.bam	cae967234dfb232cb283df908dfa0f00	2025641198
640	a781d32a-b349-47b9-865a-e077f6578612	TCGA-AG-3893-01A-01T-1120-13_mirna_gdc_realn.bam	40d7b2d8a4a32f107bdf71b207419e7e	84517736
641	75692ac8-23fe-4c18-8187-112218118fad	TCGA-EI-6511-01A-11D-1733-10_hg19_Illumina_gdc_realn.bam	345ee7fe6d9201d60950b8288afcb9ce	37535544363
642	d233680a-c611-4494-9e6f-8117e803e22d	TCGA-EI-6511-01A-11H-1735-13_mirna_gdc_realn.bam	b0859954bb4124788f676f93b4b16e3f	164120359
643	da3b4416-7085-46b7-b4d4-3975e26b5642	69446357-14d1-4c73-b3cb-bf950061e2bc_gdc_realn_rehead.bam	dcafac63f8b2dd3155024d6d76b38aa0	7939735480
644	8afad5e4-8259-41b5-b63c-64bc919ecac3	TCGA-EI-6511-10A-01D-1733-10_hg19_Illumina_gdc_realn.bam	c82ad28e416febb4ae2d8a420b486b41	30766302661
645	66832985-f999-4020-8f55-50853e3d86dd	TCGA-EF-5831-10A-01D-1657-10_Illumina_gdc_realn.bam	458ed4e59b3e3c5785bc4f1be2dcacae	24315465521
646	a4fd5efb-5558-473d-bcd7-35924ac303ee	166eeba6-fe5a-49d9-abaf-9748904ac4e6_gdc_realn_rehead.bam	0115e53c11c97827c634da7046f67e2b	6899028733
647	8f12bf0a-b0c2-4d1a-be66-2ac11186b9d9	TCGA-EF-5831-01A-01T-1659-13_mirna_gdc_realn.bam	cd6c49e1788ec45a01b745e9431e07e3	96727265
648	ccfccaf7-96a2-4e64-8e0d-585969fac95d	38602f17-8a10-43b7-bcd2-86f37d36bed4_gdc_realn_rehead.bam	2b86993f1be860d9f6f0bd73c5ea72c7	7305975856
649	23562736-fe1a-4ded-ab30-b9ac3dcaa727	TCGA-AF-A56K-01A-32H-A39B-13_mirna_gdc_realn.bam	3943f6b0e3e915f66f740de1329fadcd	203013234
650	dc479acf-7e8e-4f5c-a255-27827c19f4c2	TCGA-AF-A56K-01A-32D-A38X-10_Illumina_gdc_realn.bam	60fb512cbcb60a9004fe1c18fb95b056	15423731859
651	de545ae8-aea5-456d-a589-4f5ad4ae6c6c	TCGA-AF-A56K-10A-01D-A38X-10_Illumina_gdc_realn.bam	1843e6d48748640059681fb153bbe055	15762254163
652	0a2b23af-82e1-4443-a3bc-ffa01e13ef73	93e0beb0596883497cbff4746e0a2618_gdc_realn.bam	ad781ea8f7e306552851375a63f9247d	25043107672
653	5b4292d0-4067-4343-a6ef-43ba67eb58f1	9138ea4e1fe191baebbafe2174b120e3_gdc_realn.bam	7dc7e01dd10babefed4af1462ed63fc7	26852470821
654	6ec3d218-83b5-4679-8d9d-41a86315b7df	4e55ea0e-45e9-42b7-854a-680cac8f3315_gdc_realn_rehead.bam	e5719b4bb9261c3ff5135ca81a86b121	1958168790
655	611bfba3-4748-4284-9798-ba1e68bcbba6	TCGA-AG-A02G-01A-21R-A076-13_mirna_gdc_realn.bam	b2686f07d05077d2382429700e8740fe	32747062
656	5ea30390-88f8-4abf-8f44-f0648436a0df	d58bcd47-104b-4db5-b22f-59ca422fa8a7_gdc_realn_rehead.bam	d5f1345fb4dbe85747fe1a1de16d3da5	8736194917
657	4fef61d7-5223-43ed-86db-5944654e81c9	TCGA-EI-7002-01A-11H-1927-13_mirna_gdc_realn.bam	e86751661b23b7496af3c32c34e8f504	159430625
658	9a070625-708e-4288-92d2-53ecfe544816	TCGA-EI-7002-01A-11D-1924-10_hg19_Illumina_gdc_realn.bam	775afa3587161aa595de74a514706a05	19667154315
659	d78927cf-df06-48fe-8cff-d9479ac9aee3	TCGA-EI-7002-10A-01D-1924-10_hg19_Illumina_gdc_realn.bam	42a17b5cadb8c7221a9d444010173380	19155732237
660	c61af446-ad7a-4ed3-90b9-6cf9836306f1	TCGA-EI-6882-01A-11D-1924-10_hg19_Illumina_gdc_realn.bam	1917107fce941a1622e381339413d76e	25036528143
661	995d963b-5699-4ff8-8af2-37b84aa7ef6a	f72e4c42-4c82-4620-85db-bbd9391fb50d_gdc_realn_rehead.bam	28406b2150fafb2d9ac5896392b59d5d	4934475665
662	edd780cc-0fe4-4211-9fca-77da8444ebf8	TCGA-EI-6882-01A-11H-1927-13_mirna_gdc_realn.bam	4d7f48a913a3fc73de50ec6db45fea1f	106909687
663	72ca21c5-f3cb-403a-acf1-2f0b5d5e2a7f	TCGA-EI-6882-10A-01D-1924-10_hg19_Illumina_gdc_realn.bam	2f1f91e390fde7b74e0aa6589d20292d	23395406054
664	32e17dad-36b9-47c4-86a5-4119d0590a14	TCGA-AG-3582-01A-01T-0822-13_mirna_gdc_realn.bam	3061f05295f404b935c77599069f1a65	58047330
665	7bf7e977-1e6b-418d-9218-112e0c9d317d	e53b52cd-8c94-4b23-84cc-d7ae7c85f515_gdc_realn_rehead.bam	199e053cabbe3c09f6f8e05242d06bc8	1909409252
666	53280fd3-fb02-4004-a14e-3c75a046276d	TCGA-AG-3582-10A-01D-1989-10_gapfillers_Illumina_gdc_realn.bam	2d9921449bf1d250a46d3e6081773443	4798210733
667	69e1e228-fb51-4bee-b4c3-ed7e57615931	13c266c0fe67530c789d128932f6a0ee_gdc_realn.bam	fc8d0949ed1af71b5812e411f8e2e2e4	23522389771
668	dff9efd0-e747-4307-bbf7-9f614487633d	TCGA-AG-3898-01A-01T-1120-13_mirna_gdc_realn.bam	3b696974360f53e761faa13cdda444b2	62473433
669	05cc77c5-a861-452b-94b2-1a8099e752fd	4ea46e37cdf0de806234899ddf6095ce_gdc_realn.bam	e47e0a950989b52a98ffc43f3d237d33	24045397015
670	5808d312-f3f5-4865-ad2e-61a2be9f6a16	c9e90d75-d6e8-414e-8d22-45873c9c5373_gdc_realn_rehead.bam	e14a48962b75e4560f51bbfc68ea8732	2427069977
671	90e82584-b068-47d8-8f5c-874a06f80bb2	TCGA-AG-3600-01A-01T-0827-13_mirna_gdc_realn.bam	c263786f5c05d99159890d0871b5b78c	63035218
672	232eef03-6187-4812-baeb-ceeb13ff7267	5ffaa729-1814-4979-a7a6-33549a3e400e_gdc_realn_rehead.bam	6c4e9b16fc0a00773e8779fb59040723	2194049064
673	551032b2-6327-428c-83f8-55d312a000c6	TCGA-AG-3600-10A-01D-1989-10_gapfillers_Illumina_gdc_realn.bam	7bd4e5f23daab10e01ef578e5d230b5d	8020668679
674	9d9a0c8d-5845-4774-b088-f4fff8d70a75	TCGA-F5-6571-01A-12H-1829-13_mirna_gdc_realn.bam	29e385eb5e19ca910b2490d5ae7489d7	485630544
675	7810a350-22fc-4300-b760-a78efccfe48b	78d894d6-810a-4c41-890d-e70a620102cf_gdc_realn_rehead.bam	79e8e395166bdf7970d278fc8b3c9fea	9766480553
676	f6e71585-b000-4477-a442-5f12480bcf82	TCGA-F5-6571-01A-12D-1826-10_hg19_Illumina_gdc_realn.bam	3ae19dd8a350e4606ce8c208fe59233f	18695226033
677	472ba3c9-e846-4c79-81a1-6d0398dc85ab	TCGA-F5-6571-10A-01D-1826-10_hg19_Illumina_gdc_realn.bam	a4499f159d1d464e552043363156a627	30859611999
